route_id,source_route,source_file,function_domain,legacy_entry_or_deep_link,migration_target_page_or_module,app_shell_entry,phase,auth_and_backend_ownership,platform_dependencies,dag_task_ids,compatibility_and_fallback,current_status,baseline_disposition,deletion_approval,deletion_status
MP001,/pages/guide/index,pages/guide/index.vue,基础设施/主壳,App 冷启动/引导路由；legacy deep link `/pages/guide/index`,`pages/shell/guide`（启动引导）,主壳启动与首页；商城/发现/个人中心均在同一主壳，底栏健康管理仅保留一个一级入口,MVP 实现 / legacy fallback,主壳自身不生成业务身份；商城和 Wish 各自请求对应 client/session。,无专属原生插件已锁定；目标为 APP iOS/Android uni-app x 页面；MP/H5 在目标能力验证前由旧 mapp 独立构建或受控链接承接。,FND-03,保留旧别名 /pages/guide/index，MVP期间保留旧alias，切换由自动化路由检查决定；route map 保留 query、来源归因和返回结果，feature flag 关闭时回退 legacy。,MVP 必需；待 agent 自动实现和检查,retain-source-route,none,not-deleted
MP002,/pages/index/index,pages/index/index.vue,基础设施/主壳,旧主首页 Tab 与小程序首页启动；legacy deep link `/pages/index/index`,`pages/shell/index`（首页）,主壳启动与首页；商城/发现/个人中心均在同一主壳，底栏健康管理仅保留一个一级入口,MVP 实现 / legacy fallback,主壳自身不生成业务身份；商城和 Wish 各自请求对应 client/session。,无专属原生插件已锁定；目标为 APP iOS/Android uni-app x 页面；MP/H5 在目标能力验证前由旧 mapp 独立构建或受控链接承接。,"FND-03,HWI-01",保留旧别名 /pages/index/index，MVP期间保留旧alias，切换由自动化路由检查决定；route map 保留 query、来源归因和返回结果，feature flag 关闭时回退 legacy。,MVP 必需；待 agent 自动实现和检查,retain-source-route,none,not-deleted
MP003,/pages/goods_cate/index,pages/goods_cate/index.vue,商城核心,旧首页分类入口/商城分类导航；legacy deep link `/pages/goods_cate/index`,`pages/commerce/catalog/goods-cate`（商品分类）,主壳商城入口或首页运营位 → 商城首页/分类/商品列表,MVP legacy 承载 → 后续原生迁移,访客只读公开商城目录；需写入时使用 MAPP 客户会话和 CommerceClient `/api/front/**`；不得复用 Wish token/session。,无专属原生插件已锁定；目标为 APP iOS/Android uni-app x 页面；MP/H5 在目标能力验证前由旧 mapp 独立构建或受控链接承接。,COM-01,保留旧别名 /pages/goods_cate/index，MVP期间保留旧alias，切换由自动化路由检查决定；route map 保留 query、来源归因和返回结果，feature flag 关闭时回退 legacy。,MVP后续；既有 MAPP 路径持续承载,retain-source-route,none,not-deleted
MP004,/pages/order_addcart/order_addcart,pages/order_addcart/order_addcart.vue,商城核心,商品购买/购物车导航；legacy deep link `/pages/order_addcart/order_addcart`,`pages/commerce/cart/order-addcart`（购物车）,商城商品详情/购买动作 → 购物车,MVP legacy 承载 → 后续原生迁移,访客只读公开商城目录；需写入时使用 MAPP 客户会话和 CommerceClient `/api/front/**`；不得复用 Wish token/session。,无专属原生插件已锁定；目标为 APP iOS/Android uni-app x 页面；MP/H5 在目标能力验证前由旧 mapp 独立构建或受控链接承接。,COM-04,保留旧别名 /pages/order_addcart/order_addcart，MVP期间保留旧alias，切换由自动化路由检查决定；route map 保留 query、来源归因和返回结果，feature flag 关闭时回退 legacy。,MVP后续；既有 MAPP 路径持续承载,retain-source-route,none,not-deleted
MP005,/pages/user/index,pages/user/index.vue,用户服务/平台适配,旧底部「我的」Tab；legacy deep link `/pages/user/index`,`pages/account/profile/user`（个人中心）,个人中心 → 资料、账户、安全设置和账户登录辅助,MVP legacy 承载 → 后续原生迁移,MAPP 客户资料/API 使用 Commerce session；仅其既有账户 flow 管理商城身份；不得覆盖健康登录页或清理健康 session。,涉及 APP WebView/内嵌客服或站内网页；host allowlist、登录桥与返回行为需确认，能力未验证时留在 legacy。,"USR-01,HWI-01",保留旧别名 /pages/user/index，MVP期间保留旧alias，切换由自动化路由检查决定；route map 保留 query、来源归因和返回结果，feature flag 关闭时回退 legacy。 WebView 内容只走 allowlist，禁止向远端注入原始身份 token。,MVP后续；既有 MAPP 路径持续承载,retain-source-route,none,not-deleted
MP006,/pages/webview/webview,pages/webview/webview.vue,内容/直播/发现,旧直播观看/分享链接进入的直播容器；legacy deep link `/pages/webview/webview`,`features/platform/live-container/webview`（直播间）,直播运营位/分享链接 → 受控直播容器（保留旧返回栈）,MVP legacy 承载 → 后续原生迁移,公开内容可访客浏览；发布、互动和个人内容需 MAPP 客户会话。内容 owner 保持在已核实的 MAPP 内容域。,涉及 APP WebView/内嵌客服或站内网页；host allowlist、登录桥与返回行为需确认，能力未验证时留在 legacy。,CNT-07,保留旧别名 /pages/webview/webview，MVP期间保留旧alias，切换由自动化路由检查决定；route map 保留 query、来源归因和返回结果，feature flag 关闭时回退 legacy。受控 WebView/直播桥按 host allowlist，登录态不直接向远端注入原始 token。 WebView 内容只走 allowlist，禁止向远端注入原始身份 token。,MVP后续；既有 MAPP 路径持续承载,retain-source-route,none,not-deleted
MP007,/pages/users/web_page/index,pages/users/web_page/index.vue,用户服务/平台适配,旧客服、在线文档或站内 Web 页面入口；legacy deep link `/pages/users/web_page/index`,`features/platform/web-content/web-page`（客服或站内网页容器）,来源页面中的协议、系统表单或经过 allowlist 的 Web 内容入口,MVP legacy 承载 → 后续原生迁移,公开协议/表单按页面目的决定访客或 MAPP 会话；Web 内容只使用 allowlist 与最小身份桥接。,涉及 APP WebView/内嵌客服或站内网页；host allowlist、登录桥与返回行为需确认，能力未验证时留在 legacy。,USR-03,保留旧别名 /pages/users/web_page/index，MVP期间保留旧alias，切换由自动化路由检查决定；route map 保留 query、来源归因和返回结果，feature flag 关闭时回退 legacy。 WebView 内容只走 allowlist，禁止向远端注入原始身份 token。,MVP后续；既有 MAPP 路径持续承载,retain-source-route,none,not-deleted
MP008,/pages/users/member_qrcode/index,pages/users/member_qrcode/index.vue,会员/营销/钱包,个人中心会员卡/出示会员码；legacy deep link `/pages/users/member_qrcode/index`,`pages/commerce/member/check-in/member-qrcode`（会员卡二维码）,个人中心 → 会员二维码/签到；商户核验从员工工作台进入,MVP legacy 承载 → 后续原生迁移,MAPP 商城会员/卡券/积分/礼品卡/储值/佣金账本各自按明确 owner 读写；不合并为 Wish 服务卡余额。,涉及二维码/分享/核销场景；按 APP/MP 分开验证扫码和 deep link，URL 不得包含身份 token 或健康数据。 特殊能力标记：源页含二维码显示/扫码路径；目标适配器需覆盖授权拒绝、无效/过期码。,MEM-06,保留旧别名 /pages/users/member_qrcode/index，MVP期间保留旧alias，切换由自动化路由检查决定；route map 保留 query、来源归因和返回结果，feature flag 关闭时回退 legacy。二维码只包含短时/公开归因引用；不得编码个人资料、支付凭据或健康内容。 二维码只携短时/公开业务引用，不编码个人资料、支付凭证或健康内容。,MVP后续；既有 MAPP 路径持续承载,retain-source-route,none,not-deleted
MP009,/pages/users/live_center/index,pages/users/live_center/index.vue,内容/直播/发现,个人中心直播菜单/创作者管理链路；legacy deep link `/pages/users/live_center/index`,`pages/content/live/live-center`（直播中心）,发现/个人中心 → 直播观看或独立创作者管理入口,MVP legacy 承载 → 后续原生迁移,公开内容可访客浏览；发布、互动和个人内容需 MAPP 客户会话。内容 owner 保持在已核实的 MAPP 内容域。,涉及旧直播 SDK/APP WebView 或小程序直播差异；先核实播放器、登录桥、返回键与分享；PoC 未通过时保留旧 mapp 独立运行时。,CNT-06,保留旧别名 /pages/users/live_center/index，MVP期间保留旧alias，切换由自动化路由检查决定；route map 保留 query、来源归因和返回结果，feature flag 关闭时回退 legacy。受控 WebView/直播桥按 host allowlist，登录态不直接向远端注入原始 token。,MVP后续；既有 MAPP 路径持续承载,retain-source-route,none,not-deleted
MP010,/pages/users/live_apply/index,pages/users/live_apply/index.vue,内容/直播/发现,个人中心直播菜单/创作者管理链路；legacy deep link `/pages/users/live_apply/index`,`pages/content/live/live-apply`（直播申请）,发现/个人中心 → 直播观看或独立创作者管理入口,MVP legacy 承载 → 后续原生迁移,公开内容可访客浏览；发布、互动和个人内容需 MAPP 客户会话。内容 owner 保持在已核实的 MAPP 内容域。,涉及旧直播 SDK/APP WebView 或小程序直播差异；先核实播放器、登录桥、返回键与分享；PoC 未通过时保留旧 mapp 独立运行时。,CNT-06,保留旧别名 /pages/users/live_apply/index，MVP期间保留旧alias，切换由自动化路由检查决定；route map 保留 query、来源归因和返回结果，feature flag 关闭时回退 legacy。受控 WebView/直播桥按 host allowlist，登录态不直接向远端注入原始 token。,MVP后续；既有 MAPP 路径持续承载,retain-source-route,none,not-deleted
MP011,/pages/users/live_apply/record,pages/users/live_apply/record.vue,内容/直播/发现,个人中心直播菜单/创作者管理链路；legacy deep link `/pages/users/live_apply/record`,`pages/content/live/record`（申请记录）,发现/个人中心 → 直播观看或独立创作者管理入口,MVP legacy 承载 → 后续原生迁移,公开内容可访客浏览；发布、互动和个人内容需 MAPP 客户会话。内容 owner 保持在已核实的 MAPP 内容域。,涉及旧直播 SDK/APP WebView 或小程序直播差异；先核实播放器、登录桥、返回键与分享；PoC 未通过时保留旧 mapp 独立运行时。,CNT-06,保留旧别名 /pages/users/live_apply/record，MVP期间保留旧alias，切换由自动化路由检查决定；route map 保留 query、来源归因和返回结果，feature flag 关闭时回退 legacy。受控 WebView/直播桥按 host allowlist，登录态不直接向远端注入原始 token。,MVP后续；既有 MAPP 路径持续承载,retain-source-route,none,not-deleted
MP012,/pages/users/video_bind/index,pages/users/video_bind/index.vue,内容/直播/发现,个人中心直播菜单/创作者管理链路；legacy deep link `/pages/users/video_bind/index`,`pages/content/live/video-bind`（视频号绑定）,发现/个人中心 → 直播观看或独立创作者管理入口,MVP legacy 承载 → 后续原生迁移,公开内容可访客浏览；发布、互动和个人内容需 MAPP 客户会话。内容 owner 保持在已核实的 MAPP 内容域。,涉及旧直播 SDK/APP WebView 或小程序直播差异；先核实播放器、登录桥、返回键与分享；PoC 未通过时保留旧 mapp 独立运行时。,CNT-06,保留旧别名 /pages/users/video_bind/index，MVP期间保留旧alias，切换由自动化路由检查决定；route map 保留 query、来源归因和返回结果，feature flag 关闭时回退 legacy。,MVP后续；既有 MAPP 路径持续承载,retain-source-route,none,not-deleted
MP013,/pages/users/live_pre/index,pages/users/live_pre/index.vue,内容/直播/发现,个人中心直播菜单/创作者管理链路；legacy deep link `/pages/users/live_pre/index`,`pages/content/live/live-pre`（直播预告）,发现/个人中心 → 直播观看或独立创作者管理入口,MVP legacy 承载 → 后续原生迁移,公开内容可访客浏览；发布、互动和个人内容需 MAPP 客户会话。内容 owner 保持在已核实的 MAPP 内容域。,涉及旧直播 SDK/APP WebView 或小程序直播差异；先核实播放器、登录桥、返回键与分享；PoC 未通过时保留旧 mapp 独立运行时。,CNT-06,保留旧别名 /pages/users/live_pre/index，MVP期间保留旧alias，切换由自动化路由检查决定；route map 保留 query、来源归因和返回结果，feature flag 关闭时回退 legacy。受控 WebView/直播桥按 host allowlist，登录态不直接向远端注入原始 token。,MVP后续；既有 MAPP 路径持续承载,retain-source-route,none,not-deleted
MP014,/pages/users/live_pre/create,pages/users/live_pre/create.vue,内容/直播/发现,个人中心直播菜单/创作者管理链路；legacy deep link `/pages/users/live_pre/create`,`pages/content/live/create`（创建预告）,发现/个人中心 → 直播观看或独立创作者管理入口,MVP legacy 承载 → 后续原生迁移,公开内容可访客浏览；发布、互动和个人内容需 MAPP 客户会话。内容 owner 保持在已核实的 MAPP 内容域。,涉及旧直播 SDK/APP WebView 或小程序直播差异；先核实播放器、登录桥、返回键与分享；PoC 未通过时保留旧 mapp 独立运行时。,CNT-06,保留旧别名 /pages/users/live_pre/create，MVP期间保留旧alias，切换由自动化路由检查决定；route map 保留 query、来源归因和返回结果，feature flag 关闭时回退 legacy。受控 WebView/直播桥按 host allowlist，登录态不直接向远端注入原始 token。,MVP后续；既有 MAPP 路径持续承载,retain-source-route,none,not-deleted
MP015,/pages/users/account_manage/index,pages/users/account_manage/index.vue,内容/直播/发现,个人中心直播菜单/创作者管理链路；legacy deep link `/pages/users/account_manage/index`,`pages/content/live/account-manage`（账号管理）,发现/个人中心 → 直播观看或独立创作者管理入口,MVP legacy 承载 → 后续原生迁移,公开内容可访客浏览；发布、互动和个人内容需 MAPP 客户会话。内容 owner 保持在已核实的 MAPP 内容域。,涉及旧直播 SDK/APP WebView 或小程序直播差异；先核实播放器、登录桥、返回键与分享；PoC 未通过时保留旧 mapp 独立运行时。,CNT-06,保留旧别名 /pages/users/account_manage/index，MVP期间保留旧alias，切换由自动化路由检查决定；route map 保留 query、来源归因和返回结果，feature flag 关闭时回退 legacy。,MVP后续；既有 MAPP 路径持续承载,retain-source-route,none,not-deleted
MP016,/pages/users/user_info/index,pages/users/user_info/index.vue,用户服务/平台适配,个人中心账户设置或登录拦截/授权回跳；legacy deep link `/pages/users/user_info/index`,`pages/account/profile/user-info`（个人资料）,个人中心 → 资料、账户、安全设置和账户登录辅助,MVP legacy 承载 → 后续原生迁移,MAPP 客户资料/API 使用 Commerce session；仅其既有账户 flow 管理商城身份；不得覆盖健康登录页或清理健康 session。,无专属原生插件已锁定；目标为 APP iOS/Android uni-app x 页面；MP/H5 在目标能力验证前由旧 mapp 独立构建或受控链接承接。,USR-01,保留旧别名 /pages/users/user_info/index，MVP期间保留旧alias，切换由自动化路由检查决定；route map 保留 query、来源归因和返回结果，feature flag 关闭时回退 legacy。,MVP后续；既有 MAPP 路径持续承载,retain-source-route,none,not-deleted
MP017,/pages/users/user_profile/index,pages/users/user_profile/index.vue,用户服务/平台适配,个人中心账户设置或登录拦截/授权回跳；legacy deep link `/pages/users/user_profile/index`,`pages/account/profile/user-profile`（完善资料）,个人中心 → 资料、账户、安全设置和账户登录辅助,MVP legacy 承载 → 后续原生迁移,MAPP 客户资料/API 使用 Commerce session；仅其既有账户 flow 管理商城身份；不得覆盖健康登录页或清理健康 session。,无专属原生插件已锁定；目标为 APP iOS/Android uni-app x 页面；MP/H5 在目标能力验证前由旧 mapp 独立构建或受控链接承接。,USR-01,保留旧别名 /pages/users/user_profile/index，MVP期间保留旧alias，切换由自动化路由检查决定；route map 保留 query、来源归因和返回结果，feature flag 关闭时回退 legacy。,MVP后续；既有 MAPP 路径持续承载,retain-source-route,none,not-deleted
MP018,/pages/users/user_setting/index,pages/users/user_setting/index.vue,用户服务/平台适配,个人中心账户设置或登录拦截/授权回跳；legacy deep link `/pages/users/user_setting/index`,`pages/account/profile/user-setting`（个人信息）,个人中心 → 资料、账户、安全设置和账户登录辅助,MVP legacy 承载 → 后续原生迁移,MAPP 客户资料/API 使用 Commerce session；仅其既有账户 flow 管理商城身份；不得覆盖健康登录页或清理健康 session。,无专属原生插件已锁定；目标为 APP iOS/Android uni-app x 页面；MP/H5 在目标能力验证前由旧 mapp 独立构建或受控链接承接。,USR-01,保留旧别名 /pages/users/user_setting/index，MVP期间保留旧alias，切换由自动化路由检查决定；route map 保留 query、来源归因和返回结果，feature flag 关闭时回退 legacy。,MVP后续；既有 MAPP 路径持续承载,retain-source-route,none,not-deleted
MP019,/pages/users/user_money/index,pages/users/user_money/index.vue,会员/营销/钱包,个人中心商城账户/账单入口；legacy deep link `/pages/users/user_money/index`,`pages/commerce/wallet/user-money`（我的账户）,个人中心 → 商城账户/余额充值/账单,MVP legacy 承载 → 后续原生迁移,MAPP 商城会员/卡券/积分/礼品卡/储值/佣金账本各自按明确 owner 读写；不合并为 Wish 服务卡余额。,无专属原生插件已锁定；目标为 APP iOS/Android uni-app x 页面；MP/H5 在目标能力验证前由旧 mapp 独立构建或受控链接承接。,MEM-07,保留旧别名 /pages/users/user_money/index，MVP期间保留旧alias，切换由自动化路由检查决定；route map 保留 query、来源归因和返回结果，feature flag 关闭时回退 legacy。账务操作具备服务端幂等、流水可追溯和冲正/对账路径；不得合并 Wish 服务卡。,MVP后续；既有 MAPP 路径持续承载,retain-source-route,none,not-deleted
MP020,/pages/users/user_bill/index,pages/users/user_bill/index.vue,会员/营销/钱包,个人中心商城账户/账单入口；legacy deep link `/pages/users/user_bill/index`,`pages/commerce/wallet/user-bill`（账单明细）,个人中心 → 商城账户/余额充值/账单,MVP legacy 承载 → 后续原生迁移,MAPP 商城会员/卡券/积分/礼品卡/储值/佣金账本各自按明确 owner 读写；不合并为 Wish 服务卡余额。,无专属原生插件已锁定；目标为 APP iOS/Android uni-app x 页面；MP/H5 在目标能力验证前由旧 mapp 独立构建或受控链接承接。,MEM-07,保留旧别名 /pages/users/user_bill/index，MVP期间保留旧alias，切换由自动化路由检查决定；route map 保留 query、来源归因和返回结果，feature flag 关闭时回退 legacy。账务操作具备服务端幂等、流水可追溯和冲正/对账路径；不得合并 Wish 服务卡。,MVP后续；既有 MAPP 路径持续承载,retain-source-route,none,not-deleted
MP021,/pages/users/user_spread_user/index,pages/users/user_spread_user/index.vue,会员/营销/钱包,个人中心推广/佣金菜单与推广分享链接；legacy deep link `/pages/users/user_spread_user/index`,`pages/commerce/referral/user-spread-user`（我的推广）,个人中心 → 推广中心/推广员申请、推广码与推广订单,MVP legacy 承载 → 后续原生迁移,MAPP 商城会员/卡券/积分/礼品卡/储值/佣金账本各自按明确 owner 读写；不合并为 Wish 服务卡余额。,无专属原生插件已锁定；目标为 APP iOS/Android uni-app x 页面；MP/H5 在目标能力验证前由旧 mapp 独立构建或受控链接承接。,MEM-08,保留旧别名 /pages/users/user_spread_user/index，MVP期间保留旧alias，切换由自动化路由检查决定；route map 保留 query、来源归因和返回结果，feature flag 关闭时回退 legacy。,MVP后续；既有 MAPP 路径持续承载,retain-source-route,none,not-deleted
MP022,/pages/users/user_spread_code/index,pages/users/user_spread_code/index.vue,会员/营销/钱包,个人中心推广/佣金菜单与推广分享链接；legacy deep link `/pages/users/user_spread_code/index`,`pages/commerce/referral/user-spread-code`（分销海报）,个人中心 → 推广中心/推广员申请、推广码与推广订单,MVP legacy 承载 → 后续原生迁移,MAPP 商城会员/卡券/积分/礼品卡/储值/佣金账本各自按明确 owner 读写；不合并为 Wish 服务卡余额。,涉及 APP WebView/内嵌客服或站内网页；host allowlist、登录桥与返回行为需确认，能力未验证时留在 legacy。 特殊能力标记：源页包含分享动作；保留 scene、来源和活动/内容引用。 特殊能力标记：源页含二维码显示/扫码路径；目标适配器需覆盖授权拒绝、无效/过期码。,"MEM-08,HWI-04",保留旧别名 /pages/users/user_spread_code/index，MVP期间保留旧alias，切换由自动化路由检查决定；route map 保留 query、来源归因和返回结果，feature flag 关闭时回退 legacy。二维码只包含短时/公开归因引用；不得编码个人资料、支付凭据或健康内容。 WebView 内容只走 allowlist，禁止向远端注入原始身份 token。 分享回流保留来源/活动/内容 ID，不把 token、健康资料放入链接。 二维码只携短时/公开业务引用，不编码个人资料、支付凭证或健康内容。,MVP后续；既有 MAPP 路径持续承载,retain-source-route,none,not-deleted
MP023,/pages/users/user_spread_money/index,pages/users/user_spread_money/index.vue,会员/营销/钱包,个人中心推广/佣金菜单与推广分享链接；legacy deep link `/pages/users/user_spread_money/index`,`pages/commerce/commission/user-spread-money`（佣金记录）,个人中心/推广中心 → 佣金流水、转入记录、排行,MVP legacy 承载 → 后续原生迁移,MAPP 商城会员/卡券/积分/礼品卡/储值/佣金账本各自按明确 owner 读写；不合并为 Wish 服务卡余额。,无专属原生插件已锁定；目标为 APP iOS/Android uni-app x 页面；MP/H5 在目标能力验证前由旧 mapp 独立构建或受控链接承接。,MEM-09,保留旧别名 /pages/users/user_spread_money/index，MVP期间保留旧alias，切换由自动化路由检查决定；route map 保留 query、来源归因和返回结果，feature flag 关闭时回退 legacy。账务操作具备服务端幂等、流水可追溯和冲正/对账路径；不得合并 Wish 服务卡。,MVP后续；既有 MAPP 路径持续承载,retain-source-route,none,not-deleted
MP024,/pages/users/user_transferOut/index,pages/users/user_transferOut/index.vue,会员/营销/钱包,个人中心商城账户/账单入口；legacy deep link `/pages/users/user_transferOut/index`,`pages/commerce/wallet/user-transfer-out`（transferOut）,个人中心 → 商城账户/余额充值/账单,MVP legacy 承载 → 后续原生迁移,MAPP 商城会员/卡券/积分/礼品卡/储值/佣金账本各自按明确 owner 读写；不合并为 Wish 服务卡余额。,无专属原生插件已锁定；目标为 APP iOS/Android uni-app x 页面；MP/H5 在目标能力验证前由旧 mapp 独立构建或受控链接承接。 特殊能力标记：源页含二维码显示/扫码路径；目标适配器需覆盖授权拒绝、无效/过期码。,MEM-07,保留旧别名 /pages/users/user_transferOut/index，MVP期间保留旧alias，切换由自动化路由检查决定；route map 保留 query、来源归因和返回结果，feature flag 关闭时回退 legacy。账务操作具备服务端幂等、流水可追溯和冲正/对账路径；不得合并 Wish 服务卡。 二维码只携短时/公开业务引用，不编码个人资料、支付凭证或健康内容。,MVP后续；既有 MAPP 路径持续承载,retain-source-route,none,not-deleted
MP025,/pages/users/user_phone/index,pages/users/user_phone/index.vue,用户服务/平台适配,个人中心账户设置或登录拦截/授权回跳；legacy deep link `/pages/users/user_phone/index`,`pages/account/profile/user-phone`（绑定手机）,个人中心 → 资料、账户、安全设置和账户登录辅助,MVP legacy 承载 → 后续原生迁移,MAPP 客户资料/API 使用 Commerce session；仅其既有账户 flow 管理商城身份；不得覆盖健康登录页或清理健康 session。,无专属原生插件已锁定；目标为 APP iOS/Android uni-app x 页面；MP/H5 在目标能力验证前由旧 mapp 独立构建或受控链接承接。,USR-01,保留旧别名 /pages/users/user_phone/index，MVP期间保留旧alias，切换由自动化路由检查决定；route map 保留 query、来源归因和返回结果，feature flag 关闭时回退 legacy。,MVP后续；既有 MAPP 路径持续承载,retain-source-route,none,not-deleted
MP026,/pages/users/user_notice/index,pages/users/user_notice/index.vue,用户服务/平台适配,个人中心消息列表/通知推送深链；legacy deep link `/pages/users/user_notice/index`,`pages/account/messages-support/user-notice`（我的通知）,个人中心 → 消息/通知/智能客服/官方客服,MVP legacy 承载 → 后续原生迁移,公开客服说明允许访客读取；个人消息、通知、工单需商城 customer session；外部客服身份桥接待接口核实。,无专属原生插件已锁定；目标为 APP iOS/Android uni-app x 页面；MP/H5 在目标能力验证前由旧 mapp 独立构建或受控链接承接。,USR-02,保留旧别名 /pages/users/user_notice/index，MVP期间保留旧alias，切换由自动化路由检查决定；route map 保留 query、来源归因和返回结果，feature flag 关闭时回退 legacy。,MVP后续；既有 MAPP 路径持续承载,retain-source-route,none,not-deleted
MP027,/pages/users/user_notice/detail,pages/users/user_notice/detail.vue,用户服务/平台适配,个人中心消息列表/通知推送深链；legacy deep link `/pages/users/user_notice/detail`,`pages/account/messages-support/detail`（通知详情）,个人中心 → 消息/通知/智能客服/官方客服,MVP legacy 承载 → 后续原生迁移,公开客服说明允许访客读取；个人消息、通知、工单需商城 customer session；外部客服身份桥接待接口核实。,无专属原生插件已锁定；目标为 APP iOS/Android uni-app x 页面；MP/H5 在目标能力验证前由旧 mapp 独立构建或受控链接承接。,USR-02,保留旧别名 /pages/users/user_notice/detail，MVP期间保留旧alias，切换由自动化路由检查决定；route map 保留 query、来源归因和返回结果，feature flag 关闭时回退 legacy。,MVP后续；既有 MAPP 路径持续承载,retain-source-route,none,not-deleted
MP028,/pages/users/user_payment/index,pages/users/user_payment/index.vue,会员/营销/钱包,个人中心商城账户/账单入口；legacy deep link `/pages/users/user_payment/index`,`pages/commerce/wallet/user-payment`（余额充值）,个人中心 → 商城账户/余额充值/账单,MVP legacy 承载 → 后续原生迁移,MAPP 商城会员/卡券/积分/礼品卡/储值/佣金账本各自按明确 owner 读写；不合并为 Wish 服务卡余额。,无专属原生插件已锁定；目标为 APP iOS/Android uni-app x 页面；MP/H5 在目标能力验证前由旧 mapp 独立构建或受控链接承接。,MEM-07,保留旧别名 /pages/users/user_payment/index，MVP期间保留旧alias，切换由自动化路由检查决定；route map 保留 query、来源归因和返回结果，feature flag 关闭时回退 legacy。账务操作具备服务端幂等、流水可追溯和冲正/对账路径；不得合并 Wish 服务卡。,MVP后续；既有 MAPP 路径持续承载,retain-source-route,none,not-deleted
MP029,/pages/users/user_spread_brokerage_out/index,pages/users/user_spread_brokerage_out/index.vue,会员/营销/钱包,个人中心推广/佣金菜单与推广分享链接；legacy deep link `/pages/users/user_spread_brokerage_out/index`,`pages/commerce/commission/user-spread-brokerage-out`（佣金转入）,个人中心/推广中心 → 佣金流水、转入记录、排行,MVP legacy 承载 → 后续原生迁移,MAPP 商城会员/卡券/积分/礼品卡/储值/佣金账本各自按明确 owner 读写；不合并为 Wish 服务卡余额。,无专属原生插件已锁定；目标为 APP iOS/Android uni-app x 页面；MP/H5 在目标能力验证前由旧 mapp 独立构建或受控链接承接。,MEM-09,保留旧别名 /pages/users/user_spread_brokerage_out/index，MVP期间保留旧alias，切换由自动化路由检查决定；route map 保留 query、来源归因和返回结果，feature flag 关闭时回退 legacy。账务操作具备服务端幂等、流水可追溯和冲正/对账路径；不得合并 Wish 服务卡。,MVP后续；既有 MAPP 路径持续承载,retain-source-route,none,not-deleted
MP030,/pages/users/user_pwd_edit/index,pages/users/user_pwd_edit/index.vue,用户服务/平台适配,个人中心账户设置或登录拦截/授权回跳；legacy deep link `/pages/users/user_pwd_edit/index`,`pages/account/profile/user-pwd-edit`（修改密码）,个人中心 → 资料、账户、安全设置和账户登录辅助,MVP legacy 承载 → 后续原生迁移,MAPP 客户资料/API 使用 Commerce session；仅其既有账户 flow 管理商城身份；不得覆盖健康登录页或清理健康 session。,无专属原生插件已锁定；目标为 APP iOS/Android uni-app x 页面；MP/H5 在目标能力验证前由旧 mapp 独立构建或受控链接承接。,USR-01,保留旧别名 /pages/users/user_pwd_edit/index，MVP期间保留旧alias，切换由自动化路由检查决定；route map 保留 query、来源归因和返回结果，feature flag 关闭时回退 legacy。,MVP后续；既有 MAPP 路径持续承载,retain-source-route,none,not-deleted
MP031,/pages/users/promoter-list/index,pages/users/promoter-list/index.vue,会员/营销/钱包,个人中心推广/佣金菜单与推广分享链接；legacy deep link `/pages/users/promoter-list/index`,`pages/commerce/referral/promoter-list`（推广人列表）,个人中心 → 推广中心/推广员申请、推广码与推广订单,MVP legacy 承载 → 后续原生迁移,MAPP 商城会员/卡券/积分/礼品卡/储值/佣金账本各自按明确 owner 读写；不合并为 Wish 服务卡余额。,无专属原生插件已锁定；目标为 APP iOS/Android uni-app x 页面；MP/H5 在目标能力验证前由旧 mapp 独立构建或受控链接承接。,MEM-08,保留旧别名 /pages/users/promoter-list/index，MVP期间保留旧alias，切换由自动化路由检查决定；route map 保留 query、来源归因和返回结果，feature flag 关闭时回退 legacy。,MVP后续；既有 MAPP 路径持续承载,retain-source-route,none,not-deleted
MP032,/pages/users/promoter-apply/index,pages/users/promoter-apply/index.vue,会员/营销/钱包,个人中心推广/佣金菜单与推广分享链接；legacy deep link `/pages/users/promoter-apply/index`,`pages/commerce/referral/promoter-apply`（申请推广员）,个人中心 → 推广中心/推广员申请、推广码与推广订单,MVP legacy 承载 → 后续原生迁移,MAPP 商城会员/卡券/积分/礼品卡/储值/佣金账本各自按明确 owner 读写；不合并为 Wish 服务卡余额。,无专属原生插件已锁定；目标为 APP iOS/Android uni-app x 页面；MP/H5 在目标能力验证前由旧 mapp 独立构建或受控链接承接。,MEM-08,保留旧别名 /pages/users/promoter-apply/index，MVP期间保留旧alias，切换由自动化路由检查决定；route map 保留 query、来源归因和返回结果，feature flag 关闭时回退 legacy。,MVP后续；既有 MAPP 路径持续承载,retain-source-route,none,not-deleted
MP033,/pages/users/promoter-order/index,pages/users/promoter-order/index.vue,会员/营销/钱包,个人中心推广/佣金菜单与推广分享链接；legacy deep link `/pages/users/promoter-order/index`,`pages/commerce/referral/promoter-order`（推广人订单）,个人中心 → 推广中心/推广员申请、推广码与推广订单,MVP legacy 承载 → 后续原生迁移,MAPP 商城会员/卡券/积分/礼品卡/储值/佣金账本各自按明确 owner 读写；不合并为 Wish 服务卡余额。,无专属原生插件已锁定；目标为 APP iOS/Android uni-app x 页面；MP/H5 在目标能力验证前由旧 mapp 独立构建或受控链接承接。,MEM-08,保留旧别名 /pages/users/promoter-order/index，MVP期间保留旧alias，切换由自动化路由检查决定；route map 保留 query、来源归因和返回结果，feature flag 关闭时回退 legacy。,MVP后续；既有 MAPP 路径持续承载,retain-source-route,none,not-deleted
MP034,/pages/users/promoter_rank/index,pages/users/promoter_rank/index.vue,会员/营销/钱包,个人中心推广/佣金菜单与推广分享链接；legacy deep link `/pages/users/promoter_rank/index`,`pages/commerce/referral/promoter-rank`（推广人排行）,个人中心 → 推广中心/推广员申请、推广码与推广订单,MVP legacy 承载 → 后续原生迁移,MAPP 商城会员/卡券/积分/礼品卡/储值/佣金账本各自按明确 owner 读写；不合并为 Wish 服务卡余额。,无专属原生插件已锁定；目标为 APP iOS/Android uni-app x 页面；MP/H5 在目标能力验证前由旧 mapp 独立构建或受控链接承接。,MEM-08,保留旧别名 /pages/users/promoter_rank/index，MVP期间保留旧alias，切换由自动化路由检查决定；route map 保留 query、来源归因和返回结果，feature flag 关闭时回退 legacy。,MVP后续；既有 MAPP 路径持续承载,retain-source-route,none,not-deleted
MP035,/pages/users/commission_rank/index,pages/users/commission_rank/index.vue,会员/营销/钱包,个人中心推广/佣金菜单与推广分享链接；legacy deep link `/pages/users/commission_rank/index`,`pages/commerce/commission/commission-rank`（佣金排行）,个人中心/推广中心 → 佣金流水、转入记录、排行,MVP legacy 承载 → 后续原生迁移,MAPP 商城会员/卡券/积分/礼品卡/储值/佣金账本各自按明确 owner 读写；不合并为 Wish 服务卡余额。,无专属原生插件已锁定；目标为 APP iOS/Android uni-app x 页面；MP/H5 在目标能力验证前由旧 mapp 独立构建或受控链接承接。,MEM-09,保留旧别名 /pages/users/commission_rank/index，MVP期间保留旧alias，切换由自动化路由检查决定；route map 保留 query、来源归因和返回结果，feature flag 关闭时回退 legacy。账务操作具备服务端幂等、流水可追溯和冲正/对账路径；不得合并 Wish 服务卡。,MVP后续；既有 MAPP 路径持续承载,retain-source-route,none,not-deleted
MP036,/pages/users/login/index,pages/users/login/index.vue,用户服务/平台适配,个人中心账户设置或登录拦截/授权回跳；legacy deep link `/pages/users/login/index`,`pages/account/profile/login`（登录）,个人中心 → 资料、账户、安全设置和账户登录辅助,MVP legacy 承载 → 后续原生迁移,MAPP 客户资料/API 使用 Commerce session；仅其既有账户 flow 管理商城身份；不得覆盖健康登录页或清理健康 session。,无专属原生插件已锁定；目标为 APP iOS/Android uni-app x 页面；MP/H5 在目标能力验证前由旧 mapp 独立构建或受控链接承接。 特殊能力标记：源页含二维码显示/扫码路径；目标适配器需覆盖授权拒绝、无效/过期码。,USR-01,保留旧别名 /pages/users/login/index，MVP期间保留旧alias，切换由自动化路由检查决定；route map 保留 query、来源归因和返回结果，feature flag 关闭时回退 legacy。 二维码只携短时/公开业务引用，不编码个人资料、支付凭证或健康内容。,MVP后续；既有 MAPP 路径持续承载,retain-source-route,none,not-deleted
MP037,/pages/users/wechat_login/index,pages/users/wechat_login/index.vue,用户服务/平台适配,旧站内入口及该页面 deep link；legacy deep link `/pages/users/wechat_login/index`,`pages/account/profile/wechat-login`（账户登录）,个人中心 → 资料、账户、安全设置和账户登录辅助,MVP legacy 承载 → 后续原生迁移,MAPP 客户资料/API 使用 Commerce session；仅其既有账户 flow 管理商城身份；不得覆盖健康登录页或清理健康 session。,无专属原生插件已锁定；目标为 APP iOS/Android uni-app x 页面；MP/H5 在目标能力验证前由旧 mapp 独立构建或受控链接承接。 特殊能力标记：源页含二维码显示/扫码路径；目标适配器需覆盖授权拒绝、无效/过期码。,USR-01,保留旧别名 /pages/users/wechat_login/index，MVP期间保留旧alias，切换由自动化路由检查决定；route map 保留 query、来源归因和返回结果，feature flag 关闭时回退 legacy。 二维码只携短时/公开业务引用，不编码个人资料、支付凭证或健康内容。,MVP后续；既有 MAPP 路径持续承载,retain-source-route,none,not-deleted
MP038,/pages/users/app_login/index,pages/users/app_login/index.vue,用户服务/平台适配,旧站内入口及该页面 deep link；legacy deep link `/pages/users/app_login/index`,`pages/account/profile/app-login`（绑定手机号）,个人中心 → 资料、账户、安全设置和账户登录辅助,MVP legacy 承载 → 后续原生迁移,MAPP 客户资料/API 使用 Commerce session；仅其既有账户 flow 管理商城身份；不得覆盖健康登录页或清理健康 session。,无专属原生插件已锁定；目标为 APP iOS/Android uni-app x 页面；MP/H5 在目标能力验证前由旧 mapp 独立构建或受控链接承接。,USR-01,保留旧别名 /pages/users/app_login/index，MVP期间保留旧alias，切换由自动化路由检查决定；route map 保留 query、来源归因和返回结果，feature flag 关闭时回退 legacy。,MVP后续；既有 MAPP 路径持续承载,retain-source-route,none,not-deleted
MP039,/pages/users/app_update/app_update,pages/users/app_update/app_update.vue,用户服务/平台适配,旧站内入口及该页面 deep link；legacy deep link `/pages/users/app_update/app_update`,`features/platform/auth-callbacks/app-update`（检查更新）,登录拦截或系统回调 → 账号授权/手机号绑定/应用更新 adapter,MVP legacy 承载 → 后续原生迁移,平台 OAuth/支付回调分别走 adapter；不得把 MAPP token 当 Wish token、不得用全量清存储退出其他领域。,仅 APP 原生更新通道；WEB/MP 不显示原生升级动作，需保留版本/渠道失败分支。,USR-04,保留旧别名 /pages/users/app_update/app_update，MVP期间保留旧alias，切换由自动化路由检查决定；route map 保留 query、来源归因和返回结果，feature flag 关闭时回退 legacy。,MVP后续；既有 MAPP 路径持续承载,retain-source-route,none,not-deleted
MP040,/pages/users/settled/index,pages/users/settled/index.vue,商户/员工工作台,个人中心商户入驻/申请记录；legacy deep link `/pages/users/settled/index`,`pages/merchant/onboarding/settled`（商户入驻）,个人中心 → 商户入驻申请,MAPP 原路径保留,需要 MAPP 客户/申请人身份；申请记录由 MAPP 商户域维护；审批后才可另行开通员工身份。,无专属原生插件已锁定；目标为 APP iOS/Android uni-app x 页面；MP/H5 在目标能力验证前由旧 mapp 独立构建或受控链接承接。,—（无本期任务）,保留旧别名 /pages/users/settled/index，MVP期间保留旧alias，切换由自动化路由检查决定；route map 保留 query、来源归因和返回结果，feature flag 关闭时回退 legacy。,本期范围外；仅保留源路由事实，不创建商户/员工工作台迁移任务,retain-source-route,none,not-deleted
MP041,/pages/users/user_sgin_info/index,pages/users/user_sgin_info/index.vue,会员/营销/钱包,旧站内入口及该页面 deep link；legacy deep link `/pages/users/user_sgin_info/index`,`pages/commerce/member/check-in/user-sgin-info`（签到说明）,个人中心 → 会员二维码/签到；商户核验从员工工作台进入,MVP legacy 承载 → 后续原生迁移,MAPP 商城会员/卡券/积分/礼品卡/储值/佣金账本各自按明确 owner 读写；不合并为 Wish 服务卡余额。,无专属原生插件已锁定；目标为 APP iOS/Android uni-app x 页面；MP/H5 在目标能力验证前由旧 mapp 独立构建或受控链接承接。,MEM-06,保留旧别名 /pages/users/user_sgin_info/index，MVP期间保留旧alias，切换由自动化路由检查决定；route map 保留 query、来源归因和返回结果，feature flag 关闭时回退 legacy。,MVP后续；既有 MAPP 路径持续承载,retain-source-route,none,not-deleted
MP042,/pages/users/user_coupon/index,pages/users/user_coupon/index.vue,会员/营销/钱包,旧站内入口及该页面 deep link；legacy deep link `/pages/users/user_coupon/index`,`pages/commerce/coupons/user-coupon`（我的优惠券）,首页营销位或个人中心 → 领券中心/我的优惠券,MVP legacy 承载 → 后续原生迁移,MAPP 商城会员/卡券/积分/礼品卡/储值/佣金账本各自按明确 owner 读写；不合并为 Wish 服务卡余额。,无专属原生插件已锁定；目标为 APP iOS/Android uni-app x 页面；MP/H5 在目标能力验证前由旧 mapp 独立构建或受控链接承接。 特殊能力标记：源页含二维码显示/扫码路径；目标适配器需覆盖授权拒绝、无效/过期码。,MEM-03,保留旧别名 /pages/users/user_coupon/index，MVP期间保留旧alias，切换由自动化路由检查决定；route map 保留 query、来源归因和返回结果，feature flag 关闭时回退 legacy。 二维码只携短时/公开业务引用，不编码个人资料、支付凭证或健康内容。,MVP后续；既有 MAPP 路径持续承载,retain-source-route,none,not-deleted
MP043,/pages/users/more_function/index,pages/users/more_function/index.vue,用户服务/平台适配,旧站内入口及该页面 deep link；legacy deep link `/pages/users/more_function/index`,`pages/account/profile/more-function`（更多功能）,个人中心 → 资料、账户、安全设置和账户登录辅助,MVP legacy 承载 → 后续原生迁移,MAPP 客户资料/API 使用 Commerce session；仅其既有账户 flow 管理商城身份；不得覆盖健康登录页或清理健康 session。,无专属原生插件已锁定；目标为 APP iOS/Android uni-app x 页面；MP/H5 在目标能力验证前由旧 mapp 独立构建或受控链接承接。,USR-01,保留旧别名 /pages/users/more_function/index，MVP期间保留旧alias，切换由自动化路由检查决定；route map 保留 query、来源归因和返回结果，feature flag 关闭时回退 legacy。,MVP后续；既有 MAPP 路径持续承载,retain-source-route,none,not-deleted
MP044,/pages/merchant/home/index,pages/merchant/home/index.vue,商户/员工工作台,商户中心/商户资料页内跳转；legacy deep link `/pages/merchant/home/index`,`pages/merchant/directory/home`（商户首页）,商城 → 商户街/店铺链接 → 商户主页、店铺商品与客服,MVP legacy 承载 → 后续原生迁移,访客可读公开商户与商品；收藏/下单时使用 MAPP 客户会话和 Commerce `/api/front/**`；不使用员工身份或 Wish token。,APP/MP 页面能力按平台适配；客服外跳按 allowlist；未验证平台继续旧 mapp。 特殊能力标记：源页包含分享动作；保留 scene、来源和活动/内容引用。,MER-01,保留旧别名 `/pages/merchant/home/index`；旧店铺链接映射至公开商户主页，保留商户 ID、来源与返回；feature flag 关闭回 legacy。 分享回流保留来源/活动/内容 ID，不把 token、健康资料放入链接。,MVP后续；既有 MAPP 路径持续承载,retain-source-route,none,not-deleted
MP045,/pages/merchant/classify_coupon/index,pages/merchant/classify_coupon/index.vue,商户/员工工作台,商户中心/商户资料页内跳转；legacy deep link `/pages/merchant/classify_coupon/index`,`pages/merchant/directory/classify-coupon`（商品分类）,主壳商城/附近入口 → 商户街、商户分类与详情,MVP legacy 承载 → 后续原生迁移,访客可读公开商户；收藏/下单时使用 MAPP 客户会话和 Commerce `/api/front/**`；不使用员工身份或 Wish token。,无专属原生插件已锁定；目标为 APP iOS/Android uni-app x 页面；MP/H5 在目标能力验证前由旧 mapp 独立构建或受控链接承接。,MER-01,保留旧别名 /pages/merchant/classify_coupon/index，MVP期间保留旧alias，切换由自动化路由检查决定；route map 保留 query、来源归因和返回结果，feature flag 关闭时回退 legacy。,MVP后续；既有 MAPP 路径持续承载,retain-source-route,none,not-deleted
MP046,/pages/merchant/application_record/index,pages/merchant/application_record/index.vue,商户/员工工作台,个人中心商户入驻/申请记录；legacy deep link `/pages/merchant/application_record/index`,`pages/merchant/onboarding/application-record`（申请记录）,个人中心 → 商户入驻 → 查看申请记录,MAPP 原路径保留,需要 MAPP 客户/申请人身份；申请记录由 MAPP 商户域维护；不等同员工工作台权限。,无专属原生插件已锁定；目标为 APP iOS/Android uni-app x 页面；MP/H5 在目标能力验证前由旧 mapp 独立构建或受控链接承接。,—（无本期任务）,保留旧别名 /pages/merchant/application_record/index，MVP期间保留旧alias，切换由自动化路由检查决定；route map 保留 query、来源归因和返回结果，feature flag 关闭时回退 legacy。,本期范围外；仅保留源路由事实，不创建商户/员工工作台迁移任务,retain-source-route,none,not-deleted
MP047,/pages/merchant/detail/index,pages/merchant/detail/index.vue,商户/员工工作台,商户中心/商户资料页内跳转；legacy deep link `/pages/merchant/detail/index`,`pages/merchant/directory/detail`（商户详情）,主壳商城/附近入口 → 商户街、商户分类与详情,MVP legacy 承载 → 后续原生迁移,访客可读公开商户；收藏/下单时使用 MAPP 客户会话和 Commerce `/api/front/**`；不使用员工身份或 Wish token。,无专属原生插件已锁定；目标为 APP iOS/Android uni-app x 页面；MP/H5 在目标能力验证前由旧 mapp 独立构建或受控链接承接。 特殊能力标记：源页含二维码显示/扫码路径；目标适配器需覆盖授权拒绝、无效/过期码。,MER-01,保留旧别名 /pages/merchant/detail/index，MVP期间保留旧alias，切换由自动化路由检查决定；route map 保留 query、来源归因和返回结果，feature flag 关闭时回退 legacy。 二维码只携短时/公开业务引用，不编码个人资料、支付凭证或健康内容。,MVP后续；既有 MAPP 路径持续承载,retain-source-route,none,not-deleted
MP048,/pages/merchant/user_integral/index,pages/merchant/user_integral/index.vue,会员/营销/钱包,商户中心/商户资料页内跳转；legacy deep link `/pages/merchant/user_integral/index`,`pages/commerce/points/user-integral`（积分详情）,商城/会员中心 → 积分明细、积分商城,MVP legacy 承载 → 后续原生迁移,MAPP 商城会员/卡券/积分/礼品卡/储值/佣金账本各自按明确 owner 读写；不合并为 Wish 服务卡余额。,无专属原生插件已锁定；目标为 APP iOS/Android uni-app x 页面；MP/H5 在目标能力验证前由旧 mapp 独立构建或受控链接承接。,MEM-04,保留旧别名 /pages/merchant/user_integral/index，MVP期间保留旧alias，切换由自动化路由检查决定；route map 保留 query、来源归因和返回结果，feature flag 关闭时回退 legacy。,MVP后续；既有 MAPP 路径持续承载,retain-source-route,none,not-deleted
MP049,/pages/merchant/user_sgin/index,pages/merchant/user_sgin/index.vue,会员/营销/钱包,商户主页/会员服务入口 → 客户签到；legacy deep link `/pages/merchant/user_sgin/index`,`pages/commerce/member/check-in/user-sgin`（签到）,商城商户主页 → 客户签到/签到记录,MVP legacy 承载 → 后续原生迁移,MAPP 商城客户会话；签到与积分由 Commerce 会员域写入；不是员工核销或 Wish 服务卡操作。,无专属原生插件已锁定；目标为 APP iOS/Android uni-app x 页面；MP/H5 在目标能力验证前由旧 mapp 独立构建或受控链接承接。,MEM-06,保留旧别名 `/pages/merchant/user_sgin/index`；客户身份仍须校验，签到记录按本人查询；回退 legacy，不能路由到员工扣款页。,MVP后续；既有 MAPP 路径持续承载,retain-source-route,none,not-deleted
MP050,/pages/merchant/user_sgin_list/index,pages/merchant/user_sgin_list/index.vue,会员/营销/钱包,商户主页/会员服务入口 → 客户签到；legacy deep link `/pages/merchant/user_sgin_list/index`,`pages/commerce/member/check-in/user-sgin-list`（签到记录）,商城商户主页 → 客户签到/签到记录,MVP legacy 承载 → 后续原生迁移,MAPP 商城客户会话；签到与积分由 Commerce 会员域写入；不是员工核销或 Wish 服务卡操作。,无专属原生插件已锁定；目标为 APP iOS/Android uni-app x 页面；MP/H5 在目标能力验证前由旧 mapp 独立构建或受控链接承接。,MEM-06,保留旧别名 `/pages/merchant/user_sgin_list/index`；客户身份仍须校验，签到记录按本人查询；回退 legacy，不能路由到员工扣款页。,MVP后续；既有 MAPP 路径持续承载,retain-source-route,none,not-deleted
MP051,/pages/merchant/merchant_street/index,pages/merchant/merchant_street/index.vue,商户/员工工作台,旧首页附近商户/商户街入口；legacy deep link `/pages/merchant/merchant_street/index`,`pages/merchant/directory/merchant-street`（店铺街）,主壳商城/附近入口 → 商户街、商户分类与详情,MVP legacy 承载 → 后续原生迁移,访客可读公开商户；收藏/下单时使用 MAPP 客户会话和 Commerce `/api/front/**`；不使用员工身份或 Wish token。,无专属原生插件已锁定；目标为 APP iOS/Android uni-app x 页面；MP/H5 在目标能力验证前由旧 mapp 独立构建或受控链接承接。,MER-01,保留旧别名 /pages/merchant/merchant_street/index，MVP期间保留旧alias，切换由自动化路由检查决定；route map 保留 query、来源归因和返回结果，feature flag 关闭时回退 legacy。,MVP后续；既有 MAPP 路径持续承载,retain-source-route,none,not-deleted
MP052,/pages/goods/goods_details/index,pages/goods/goods_details/index.vue,商城核心,商城首页、分类、搜索、活动商品卡或站外商品分享；legacy deep link `/pages/goods/goods_details/index`,`pages/commerce/product/goods-details`（商品详情）,商城商品/内容卡片/分享链接 → 商品或套餐详情,MVP legacy 承载 → 后续原生迁移,访客只读公开商城目录；需写入时使用 MAPP 客户会话和 CommerceClient `/api/front/**`；不得复用 Wish token/session。,无专属原生插件已锁定；目标为 APP iOS/Android uni-app x 页面；MP/H5 在目标能力验证前由旧 mapp 独立构建或受控链接承接。 特殊能力标记：源页包含分享动作；保留 scene、来源和活动/内容引用。 特殊能力标记：源页含二维码显示/扫码路径；目标适配器需覆盖授权拒绝、无效/过期码。,COM-03,保留旧别名 /pages/goods/goods_details/index，MVP期间保留旧alias，切换由自动化路由检查决定；route map 保留 query、来源归因和返回结果，feature flag 关闭时回退 legacy。 分享回流保留来源/活动/内容 ID，不把 token、健康资料放入链接。 二维码只携短时/公开业务引用，不编码个人资料、支付凭证或健康内容。,MVP后续；既有 MAPP 路径持续承载,retain-source-route,none,not-deleted
MP053,/pages/goods/goods_list/index,pages/goods/goods_list/index.vue,商城核心,商城首页、分类、搜索、活动商品卡或站外商品分享；legacy deep link `/pages/goods/goods_list/index`,`pages/commerce/catalog/goods-list`（商品列表）,主壳商城入口或首页运营位 → 商城首页/分类/商品列表,MVP legacy 承载 → 后续原生迁移,访客只读公开商城目录；需写入时使用 MAPP 客户会话和 CommerceClient `/api/front/**`；不得复用 Wish token/session。,无专属原生插件已锁定；目标为 APP iOS/Android uni-app x 页面；MP/H5 在目标能力验证前由旧 mapp 独立构建或受控链接承接。,COM-01,保留旧别名 /pages/goods/goods_list/index，MVP期间保留旧alias，切换由自动化路由检查决定；route map 保留 query、来源归因和返回结果，feature flag 关闭时回退 legacy。,MVP后续；既有 MAPP 路径持续承载,retain-source-route,none,not-deleted
MP054,/pages/goods/vacation_study/index,pages/goods/vacation_study/index.vue,健康/Wish集成,商城首页、分类、搜索、活动商品卡或站外商品分享；legacy deep link `/pages/goods/vacation_study/index`,`features/health/commerce-service-discovery/vacation-study`（康旅游学）,健康管理唯一 Tab → 康养服务发现；商城服务商品只用受控引用跳入 Wish 服务目录,MVP legacy 承载 → 后续原生迁移,目录/商品详情仍由 MAPP Commerce 读取；预约等 Wish 写入只在经批准的受控跳转中使用独立 Wish 会话，不传递商城 token。,无专属原生插件已锁定；目标为 APP iOS/Android uni-app x 页面；MP/H5 在目标能力验证前由旧 mapp 独立构建或受控链接承接。,"HWI-02,HWI-04",保留旧别名 /pages/goods/vacation_study/index，MVP期间保留旧alias，切换由自动化路由检查决定；route map 保留 query、来源归因和返回结果，feature flag 关闭时回退 legacy。MAPP 与 Wish 的认证、后端、账本隔离；跨域只传已批准引用/状态，不客户端双写。,MVP后续；既有 MAPP 路径持续承载,retain-source-route,none,not-deleted
MP055,/pages/goods/search_goods_list/index,pages/goods/search_goods_list/index.vue,商城核心,商城首页、分类、搜索、活动商品卡或站外商品分享；legacy deep link `/pages/goods/search_goods_list/index`,`pages/commerce/search/search-goods-list`（商品列表）,主壳商城搜索框、分类筛选或优惠商品入口 → 搜索结果,MVP legacy 承载 → 后续原生迁移,访客只读公开商城目录；需写入时使用 MAPP 客户会话和 CommerceClient `/api/front/**`；不得复用 Wish token/session。,无专属原生插件已锁定；目标为 APP iOS/Android uni-app x 页面；MP/H5 在目标能力验证前由旧 mapp 独立构建或受控链接承接。,COM-02,保留旧别名 /pages/goods/search_goods_list/index，MVP期间保留旧alias，切换由自动化路由检查决定；route map 保留 query、来源归因和返回结果，feature flag 关闭时回退 legacy。,MVP后续；既有 MAPP 路径持续承载,retain-source-route,none,not-deleted
MP056,/pages/goods/coupon_goods_list/index,pages/goods/coupon_goods_list/index.vue,商城核心,商城首页、分类、搜索、活动商品卡或站外商品分享；legacy deep link `/pages/goods/coupon_goods_list/index`,`pages/commerce/search/coupon-goods-list`（商品列表）,主壳商城搜索框、分类筛选或优惠商品入口 → 搜索结果,MVP legacy 承载 → 后续原生迁移,访客只读公开商城目录；需写入时使用 MAPP 客户会话和 CommerceClient `/api/front/**`；不得复用 Wish token/session。,无专属原生插件已锁定；目标为 APP iOS/Android uni-app x 页面；MP/H5 在目标能力验证前由旧 mapp 独立构建或受控链接承接。,COM-02,保留旧别名 /pages/goods/coupon_goods_list/index，MVP期间保留旧alias，切换由自动化路由检查决定；route map 保留 query、来源归因和返回结果，feature flag 关闭时回退 legacy。,MVP后续；既有 MAPP 路径持续承载,retain-source-route,none,not-deleted
MP057,/pages/goods/systemIframe/index,pages/goods/systemIframe/index.vue,用户服务/平台适配,商城首页、分类、搜索、活动商品卡或站外商品分享；legacy deep link `/pages/goods/systemIframe/index`,`features/platform/web-content/system-iframe`（系统表单）,来源页面中的协议、系统表单或经过 allowlist 的 Web 内容入口,MVP legacy 承载 → 后续原生迁移,公开协议/表单按页面目的决定访客或 MAPP 会话；Web 内容只使用 allowlist 与最小身份桥接。,无专属原生插件已锁定；目标为 APP iOS/Android uni-app x 页面；MP/H5 在目标能力验证前由旧 mapp 独立构建或受控链接承接。,USR-03,保留旧别名 /pages/goods/systemIframe/index，MVP期间保留旧alias，切换由自动化路由检查决定；route map 保留 query、来源归因和返回结果，feature flag 关闭时回退 legacy。,MVP后续；既有 MAPP 路径持续承载,retain-source-route,none,not-deleted
MP058,/pages/goods/goods_search/index,pages/goods/goods_search/index.vue,商城核心,商城首页、分类、搜索、活动商品卡或站外商品分享；legacy deep link `/pages/goods/goods_search/index`,`pages/commerce/search/goods-search`（搜索商品）,主壳商城搜索框、分类筛选或优惠商品入口 → 搜索结果,MVP legacy 承载 → 后续原生迁移,访客只读公开商城目录；需写入时使用 MAPP 客户会话和 CommerceClient `/api/front/**`；不得复用 Wish token/session。,无专属原生插件已锁定；目标为 APP iOS/Android uni-app x 页面；MP/H5 在目标能力验证前由旧 mapp 独立构建或受控链接承接。,COM-02,保留旧别名 /pages/goods/goods_search/index，MVP期间保留旧alias，切换由自动化路由检查决定；route map 保留 query、来源归因和返回结果，feature flag 关闭时回退 legacy。,MVP后续；既有 MAPP 路径持续承载,retain-source-route,none,not-deleted
MP059,/pages/goods/news_list/index,pages/goods/news_list/index.vue,内容/直播/发现,首页/发现资讯卡片或资讯列表；legacy deep link `/pages/goods/news_list/index`,`pages/content/news/news-list`（资讯）,首页或发现 → 资讯列表/文章详情,MVP legacy 承载 → 后续原生迁移,公开内容可访客浏览；发布、互动和个人内容需 MAPP 客户会话。内容 owner 保持在已核实的 MAPP 内容域。,无专属原生插件已锁定；目标为 APP iOS/Android uni-app x 页面；MP/H5 在目标能力验证前由旧 mapp 独立构建或受控链接承接。,CNT-01,保留旧别名 /pages/goods/news_list/index，MVP期间保留旧alias，切换由自动化路由检查决定；route map 保留 query、来源归因和返回结果，feature flag 关闭时回退 legacy。,MVP后续；既有 MAPP 路径持续承载,retain-source-route,none,not-deleted
MP060,/pages/goods/news_details/index,pages/goods/news_details/index.vue,内容/直播/发现,首页/发现资讯卡片或资讯列表；legacy deep link `/pages/goods/news_details/index`,`pages/content/news/news-details`（资讯详情）,首页或发现 → 资讯列表/文章详情,MVP legacy 承载 → 后续原生迁移,公开内容可访客浏览；发布、互动和个人内容需 MAPP 客户会话。内容 owner 保持在已核实的 MAPP 内容域。,无专属原生插件已锁定；目标为 APP iOS/Android uni-app x 页面；MP/H5 在目标能力验证前由旧 mapp 独立构建或受控链接承接。 特殊能力标记：源页包含分享动作；保留 scene、来源和活动/内容引用。,CNT-01,保留旧别名 /pages/goods/news_details/index，MVP期间保留旧alias，切换由自动化路由检查决定；route map 保留 query、来源归因和返回结果，feature flag 关闭时回退 legacy。 分享回流保留来源/活动/内容 ID，不把 token、健康资料放入链接。,MVP后续；既有 MAPP 路径持续承载,retain-source-route,none,not-deleted
MP061,/pages/goods/browsing_history/index,pages/goods/browsing_history/index.vue,商城核心,个人中心收藏/浏览记录；legacy deep link `/pages/goods/browsing_history/index`,`pages/commerce/saved/browsing-history`（浏览记录）,个人中心 → 收藏商品/店铺与浏览记录,MVP legacy 承载 → 后续原生迁移,访客只读公开商城目录；需写入时使用 MAPP 客户会话和 CommerceClient `/api/front/**`；不得复用 Wish token/session。,无专属原生插件已锁定；目标为 APP iOS/Android uni-app x 页面；MP/H5 在目标能力验证前由旧 mapp 独立构建或受控链接承接。,COM-06,保留旧别名 /pages/goods/browsing_history/index，MVP期间保留旧alias，切换由自动化路由检查决定；route map 保留 query、来源归因和返回结果，feature flag 关闭时回退 legacy。,MVP后续；既有 MAPP 路径持续承载,retain-source-route,none,not-deleted
MP062,/pages/goods/order_list/index,pages/goods/order_list/index.vue,订单/支付/售后,商品详情、购物车或个人中心订单入口；legacy deep link `/pages/goods/order_list/index`,`pages/commerce/orders/order-list`（我的订单）,个人中心 → 商城订单；通知/旧分享可直达订单详情并重新核验当前账户,MVP legacy 承载 → 后续原生迁移,商城订单/支付/售后由 MAPP Commerce 写入；支付结果须服务端核对。商城客户 session 与 Wish 会话隔离。,无专属原生插件已锁定；目标为 APP iOS/Android uni-app x 页面；MP/H5 在目标能力验证前由旧 mapp 独立构建或受控链接承接。 特殊能力标记：源页包含分享动作；保留 scene、来源和活动/内容引用。 特殊能力标记：源页含二维码显示/扫码路径；目标适配器需覆盖授权拒绝、无效/过期码。,ORD-01,保留旧别名 /pages/goods/order_list/index，MVP期间保留旧alias，切换由自动化路由检查决定；route map 保留 query、来源归因和返回结果，feature flag 关闭时回退 legacy。 分享回流保留来源/活动/内容 ID，不把 token、健康资料放入链接。 二维码只携短时/公开业务引用，不编码个人资料、支付凭证或健康内容。,MVP后续；既有 MAPP 路径持续承载,retain-source-route,none,not-deleted
MP063,/pages/goods/order_logistics/index,pages/goods/order_logistics/index.vue,订单/支付/售后,商品详情、购物车或个人中心订单入口；legacy deep link `/pages/goods/order_logistics/index`,`pages/commerce/logistics/order-logistics`（发货记录）,个人中心/商城订单详情 → 发货记录与物流轨迹,MVP legacy 承载 → 后续原生迁移,商城订单/支付/售后由 MAPP Commerce 写入；支付结果须服务端核对。商城客户 session 与 Wish 会话隔离。,无专属原生插件已锁定；目标为 APP iOS/Android uni-app x 页面；MP/H5 在目标能力验证前由旧 mapp 独立构建或受控链接承接。,ORD-03,保留旧别名 /pages/goods/order_logistics/index，MVP期间保留旧alias，切换由自动化路由检查决定；route map 保留 query、来源归因和返回结果，feature flag 关闭时回退 legacy。,MVP后续；既有 MAPP 路径持续承载,retain-source-route,none,not-deleted
MP064,/pages/goods/order_confirm/index,pages/goods/order_confirm/index.vue,商城核心,商品详情、购物车或个人中心订单入口；legacy deep link `/pages/goods/order_confirm/index`,`pages/commerce/checkout/order-confirm`（提交订单）,购物车或商品详情 → 提交订单,MVP legacy 承载 → 后续原生迁移,访客只读公开商城目录；需写入时使用 MAPP 客户会话和 CommerceClient `/api/front/**`；不得复用 Wish token/session。,无专属原生插件已锁定；目标为 APP iOS/Android uni-app x 页面；MP/H5 在目标能力验证前由旧 mapp 独立构建或受控链接承接。,"COM-05,HWI-03",保留旧别名 /pages/goods/order_confirm/index，MVP期间保留旧alias，切换由自动化路由检查决定；route map 保留 query、来源归因和返回结果，feature flag 关闭时回退 legacy。,MVP后续；既有 MAPP 路径持续承载,retain-source-route,none,not-deleted
MP065,/pages/goods/order_payment/index,pages/goods/order_payment/index.vue,订单/支付/售后,商品详情、购物车或个人中心订单入口；legacy deep link `/pages/goods/order_payment/index`,`pages/commerce/payment/order-payment`（支付订单）,提交订单 → 支付方式/支付结果；系统 scheme、H5、MP 回跳经同一回调 adapter,MVP legacy 承载 → 后续原生迁移,商城订单/支付/售后由 MAPP Commerce 写入；支付结果须服务端核对。商城客户 session 与 Wish 会话隔离。,涉及 APP/微信/支付宝或 H5/MP 支付跳转与回调；使用平台专用 adapter 和条件编译，结果未知不得推断支付成功。,"ORD-02,HWI-03",保留旧别名 /pages/goods/order_payment/index，MVP期间保留旧alias，切换由自动化路由检查决定；route map 保留 query、来源归因和返回结果，feature flag 关闭时回退 legacy。支付回调必须幂等；成功/失败/处理中/结果未知均可见，禁止客户端重复扣款。,MVP后续；既有 MAPP 路径持续承载,retain-source-route,none,not-deleted
MP066,/pages/goods/refund_details/index,pages/goods/refund_details/index.vue,订单/支付/售后,商城订单详情/售后进度入口；legacy deep link `/pages/goods/refund_details/index`,`pages/commerce/after-sales/refund-details`（售后详情）,商城订单详情 → 售后申请、退款/退货进度,MVP legacy 承载 → 后续原生迁移,商城订单/支付/售后由 MAPP Commerce 写入；支付结果须服务端核对。商城客户 session 与 Wish 会话隔离。,无专属原生插件已锁定；目标为 APP iOS/Android uni-app x 页面；MP/H5 在目标能力验证前由旧 mapp 独立构建或受控链接承接。 特殊能力标记：源页含二维码显示/扫码路径；目标适配器需覆盖授权拒绝、无效/过期码。,ORD-04,保留旧别名 /pages/goods/refund_details/index，MVP期间保留旧alias，切换由自动化路由检查决定；route map 保留 query、来源归因和返回结果，feature flag 关闭时回退 legacy。 二维码只携短时/公开业务引用，不编码个人资料、支付凭证或健康内容。,MVP后续；既有 MAPP 路径持续承载,retain-source-route,none,not-deleted
MP067,/pages/goods/order_pay_status/index,pages/goods/order_pay_status/index.vue,订单/支付/售后,商品详情、购物车或个人中心订单入口；legacy deep link `/pages/goods/order_pay_status/index`,`pages/commerce/payment/order-pay-status`（支付结果）,提交订单 → 支付方式/支付结果；系统 scheme、H5、MP 回跳经同一回调 adapter,MVP legacy 承载 → 后续原生迁移,商城订单/支付/售后由 MAPP Commerce 写入；支付结果须服务端核对。商城客户 session 与 Wish 会话隔离。,涉及 APP/微信/支付宝或 H5/MP 支付跳转与回调；使用平台专用 adapter 和条件编译，结果未知不得推断支付成功。,"ORD-02,HWI-03",保留旧别名 /pages/goods/order_pay_status/index，MVP期间保留旧alias，切换由自动化路由检查决定；route map 保留 query、来源归因和返回结果，feature flag 关闭时回退 legacy。支付回调必须幂等；成功/失败/处理中/结果未知均可见，禁止客户端重复扣款。,MVP后续；既有 MAPP 路径持续承载,retain-source-route,none,not-deleted
MP068,/pages/goods/order_details/index,pages/goods/order_details/index.vue,订单/支付/售后,商品详情、购物车或个人中心订单入口；legacy deep link `/pages/goods/order_details/index`,`pages/commerce/orders/order-details`（订单详情）,个人中心 → 商城订单；通知/旧分享可直达订单详情并重新核验当前账户,MVP legacy 承载 → 后续原生迁移,商城订单/支付/售后由 MAPP Commerce 写入；支付结果须服务端核对。商城客户 session 与 Wish 会话隔离。,无专属原生插件已锁定；目标为 APP iOS/Android uni-app x 页面；MP/H5 在目标能力验证前由旧 mapp 独立构建或受控链接承接。 特殊能力标记：源页含二维码显示/扫码路径；目标适配器需覆盖授权拒绝、无效/过期码。,"ORD-01,HWI-03",保留旧别名 /pages/goods/order_details/index，MVP期间保留旧alias，切换由自动化路由检查决定；route map 保留 query、来源归因和返回结果，feature flag 关闭时回退 legacy。 二维码只携短时/公开业务引用，不编码个人资料、支付凭证或健康内容。,MVP后续；既有 MAPP 路径持续承载,retain-source-route,none,not-deleted
MP069,/pages/goods/virtual_order_details/index,pages/goods/virtual_order_details/index.vue,订单/支付/售后,商品详情、购物车或个人中心订单入口；legacy deep link `/pages/goods/virtual_order_details/index`,`pages/commerce/orders/virtual-order-details`（订单详情）,个人中心 → 商城订单；通知/旧分享可直达订单详情并重新核验当前账户,MVP legacy 承载 → 后续原生迁移,商城订单/支付/售后由 MAPP Commerce 写入；支付结果须服务端核对。商城客户 session 与 Wish 会话隔离。,无专属原生插件已锁定；目标为 APP iOS/Android uni-app x 页面；MP/H5 在目标能力验证前由旧 mapp 独立构建或受控链接承接。 特殊能力标记：源页含二维码显示/扫码路径；目标适配器需覆盖授权拒绝、无效/过期码。,"ORD-01,HWI-03",保留旧别名 /pages/goods/virtual_order_details/index，MVP期间保留旧alias，切换由自动化路由检查决定；route map 保留 query、来源归因和返回结果，feature flag 关闭时回退 legacy。 二维码只携短时/公开业务引用，不编码个人资料、支付凭证或健康内容。,MVP后续；既有 MAPP 路径持续承载,retain-source-route,none,not-deleted
MP070,/pages/goods/user_return_list/index,pages/goods/user_return_list/index.vue,订单/支付/售后,商城订单详情/售后进度入口；legacy deep link `/pages/goods/user_return_list/index`,`pages/commerce/after-sales/user-return-list`（售后列表）,商城订单详情 → 售后申请、退款/退货进度,MVP legacy 承载 → 后续原生迁移,商城订单/支付/售后由 MAPP Commerce 写入；支付结果须服务端核对。商城客户 session 与 Wish 会话隔离。,无专属原生插件已锁定；目标为 APP iOS/Android uni-app x 页面；MP/H5 在目标能力验证前由旧 mapp 独立构建或受控链接承接。,ORD-04,保留旧别名 /pages/goods/user_return_list/index，MVP期间保留旧alias，切换由自动化路由检查决定；route map 保留 query、来源归因和返回结果，feature flag 关闭时回退 legacy。,MVP后续；既有 MAPP 路径持续承载,retain-source-route,none,not-deleted
MP071,/pages/goods/goods_return/index,pages/goods/goods_return/index.vue,订单/支付/售后,商城订单详情/售后进度入口；legacy deep link `/pages/goods/goods_return/index`,`pages/commerce/after-sales/goods-return`（售后退款）,商城订单详情 → 售后申请、退款/退货进度,MVP legacy 承载 → 后续原生迁移,商城订单/支付/售后由 MAPP Commerce 写入；支付结果须服务端核对。商城客户 session 与 Wish 会话隔离。,无专属原生插件已锁定；目标为 APP iOS/Android uni-app x 页面；MP/H5 在目标能力验证前由旧 mapp 独立构建或受控链接承接。,ORD-04,保留旧别名 /pages/goods/goods_return/index，MVP期间保留旧alias，切换由自动化路由检查决定；route map 保留 query、来源归因和返回结果，feature flag 关闭时回退 legacy。,MVP后续；既有 MAPP 路径持续承载,retain-source-route,none,not-deleted
MP072,/pages/goods/after_sales_type/index,pages/goods/after_sales_type/index.vue,订单/支付/售后,商城订单详情/售后进度入口；legacy deep link `/pages/goods/after_sales_type/index`,`pages/commerce/after-sales/after-sales-type`（售后类型）,商城订单详情 → 售后申请、退款/退货进度,MVP legacy 承载 → 后续原生迁移,商城订单/支付/售后由 MAPP Commerce 写入；支付结果须服务端核对。商城客户 session 与 Wish 会话隔离。,无专属原生插件已锁定；目标为 APP iOS/Android uni-app x 页面；MP/H5 在目标能力验证前由旧 mapp 独立构建或受控链接承接。,ORD-04,保留旧别名 /pages/goods/after_sales_type/index，MVP期间保留旧alias，切换由自动化路由检查决定；route map 保留 query、来源归因和返回结果，feature flag 关闭时回退 legacy。,MVP后续；既有 MAPP 路径持续承载,retain-source-route,none,not-deleted
MP073,/pages/goods/returns_and_refunds/index,pages/goods/returns_and_refunds/index.vue,订单/支付/售后,商城订单详情/售后进度入口；legacy deep link `/pages/goods/returns_and_refunds/index`,`pages/commerce/after-sales/returns-and-refunds`（退货退款）,商城订单详情 → 售后申请、退款/退货进度,MVP legacy 承载 → 后续原生迁移,商城订单/支付/售后由 MAPP Commerce 写入；支付结果须服务端核对。商城客户 session 与 Wish 会话隔离。,无专属原生插件已锁定；目标为 APP iOS/Android uni-app x 页面；MP/H5 在目标能力验证前由旧 mapp 独立构建或受控链接承接。,ORD-04,保留旧别名 /pages/goods/returns_and_refunds/index，MVP期间保留旧alias，切换由自动化路由检查决定；route map 保留 query、来源归因和返回结果，feature flag 关闭时回退 legacy。,MVP后续；既有 MAPP 路径持续承载,retain-source-route,none,not-deleted
MP074,/pages/goods/goods_comment_con/index,pages/goods/goods_comment_con/index.vue,订单/支付/售后,商城商品详情/已完成订单评价；legacy deep link `/pages/goods/goods_comment_con/index`,`pages/commerce/reviews/goods-comment-con`（商品评价）,已完成订单 → 评价、评分和评价列表,MVP legacy 承载 → 后续原生迁移,商城订单/支付/售后由 MAPP Commerce 写入；支付结果须服务端核对。商城客户 session 与 Wish 会话隔离。,无专属原生插件已锁定；目标为 APP iOS/Android uni-app x 页面；MP/H5 在目标能力验证前由旧 mapp 独立构建或受控链接承接。,ORD-05,保留旧别名 /pages/goods/goods_comment_con/index，MVP期间保留旧alias，切换由自动化路由检查决定；route map 保留 query、来源归因和返回结果，feature flag 关闭时回退 legacy。,MVP后续；既有 MAPP 路径持续承载,retain-source-route,none,not-deleted
MP075,/pages/goods/evaluation_list/index,pages/goods/evaluation_list/index.vue,订单/支付/售后,商城商品详情/已完成订单评价；legacy deep link `/pages/goods/evaluation_list/index`,`pages/commerce/reviews/evaluation-list`（评价列表）,已完成订单 → 评价、评分和评价列表,MVP legacy 承载 → 后续原生迁移,商城订单/支付/售后由 MAPP Commerce 写入；支付结果须服务端核对。商城客户 session 与 Wish 会话隔离。,无专属原生插件已锁定；目标为 APP iOS/Android uni-app x 页面；MP/H5 在目标能力验证前由旧 mapp 独立构建或受控链接承接。,ORD-05,保留旧别名 /pages/goods/evaluation_list/index，MVP期间保留旧alias，切换由自动化路由检查决定；route map 保留 query、来源归因和返回结果，feature flag 关闭时回退 legacy。,MVP后续；既有 MAPP 路径持续承载,retain-source-route,none,not-deleted
MP076,/pages/goods/goods_comment_list/index,pages/goods/goods_comment_list/index.vue,订单/支付/售后,商城商品详情/已完成订单评价；legacy deep link `/pages/goods/goods_comment_list/index`,`pages/commerce/reviews/goods-comment-list`（商品评分）,已完成订单 → 评价、评分和评价列表,MVP legacy 承载 → 后续原生迁移,商城订单/支付/售后由 MAPP Commerce 写入；支付结果须服务端核对。商城客户 session 与 Wish 会话隔离。,无专属原生插件已锁定；目标为 APP iOS/Android uni-app x 页面；MP/H5 在目标能力验证前由旧 mapp 独立构建或受控链接承接。,ORD-05,保留旧别名 /pages/goods/goods_comment_list/index，MVP期间保留旧alias，切换由自动化路由检查决定；route map 保留 query、来源归因和返回结果，feature flag 关闭时回退 legacy。,MVP后续；既有 MAPP 路径持续承载,retain-source-route,none,not-deleted
MP077,/pages/goods/goods_logistics/index,pages/goods/goods_logistics/index.vue,订单/支付/售后,商城订单详情物流/发货记录入口；legacy deep link `/pages/goods/goods_logistics/index`,`pages/commerce/logistics/goods-logistics`（物流信息）,个人中心/商城订单详情 → 发货记录与物流轨迹,MVP legacy 承载 → 后续原生迁移,商城订单/支付/售后由 MAPP Commerce 写入；支付结果须服务端核对。商城客户 session 与 Wish 会话隔离。,无专属原生插件已锁定；目标为 APP iOS/Android uni-app x 页面；MP/H5 在目标能力验证前由旧 mapp 独立构建或受控链接承接。,ORD-03,保留旧别名 /pages/goods/goods_logistics/index，MVP期间保留旧alias，切换由自动化路由检查决定；route map 保留 query、来源归因和返回结果，feature flag 关闭时回退 legacy。,MVP后续；既有 MAPP 路径持续承载,retain-source-route,none,not-deleted
MP078,/pages/goods/send_record/index,pages/goods/send_record/index.vue,订单/支付/售后,商城订单详情物流/发货记录入口；legacy deep link `/pages/goods/send_record/index`,`pages/commerce/logistics/send-record`（发货记录）,个人中心/商城订单详情 → 发货记录与物流轨迹,MVP legacy 承载 → 后续原生迁移,商城订单/支付/售后由 MAPP Commerce 写入；支付结果须服务端核对。商城客户 session 与 Wish 会话隔离。,无专属原生插件已锁定；目标为 APP iOS/Android uni-app x 页面；MP/H5 在目标能力验证前由旧 mapp 独立构建或受控链接承接。,ORD-03,保留旧别名 /pages/goods/send_record/index，MVP期间保留旧alias，切换由自动化路由检查决定；route map 保留 query、来源归因和返回结果，feature flag 关闭时回退 legacy。,MVP后续；既有 MAPP 路径持续承载,retain-source-route,none,not-deleted
MP079,/pages/goods/agreement_rules/index,pages/goods/agreement_rules/index.vue,用户服务/平台适配,登录、支付或下单流程协议链接；legacy deep link `/pages/goods/agreement_rules/index`,`features/platform/web-content/agreement-rules`（隐私协议）,来源页面中的协议、系统表单或经过 allowlist 的 Web 内容入口,MVP legacy 承载 → 后续原生迁移,公开协议/表单按页面目的决定访客或 MAPP 会话；Web 内容只使用 allowlist 与最小身份桥接。,无专属原生插件已锁定；目标为 APP iOS/Android uni-app x 页面；MP/H5 在目标能力验证前由旧 mapp 独立构建或受控链接承接。,USR-03,保留旧别名 /pages/goods/agreement_rules/index，MVP期间保留旧alias，切换由自动化路由检查决定；route map 保留 query、来源归因和返回结果，feature flag 关闭时回退 legacy。,MVP后续；既有 MAPP 路径持续承载,retain-source-route,none,not-deleted
MP080,/pages/goods/user_goods_collection/index,pages/goods/user_goods_collection/index.vue,商城核心,个人中心收藏/浏览记录；legacy deep link `/pages/goods/user_goods_collection/index`,`pages/commerce/saved/user-goods-collection`（收藏商品）,个人中心 → 收藏商品/店铺与浏览记录,MVP legacy 承载 → 后续原生迁移,访客只读公开商城目录；需写入时使用 MAPP 客户会话和 CommerceClient `/api/front/**`；不得复用 Wish token/session。,无专属原生插件已锁定；目标为 APP iOS/Android uni-app x 页面；MP/H5 在目标能力验证前由旧 mapp 独立构建或受控链接承接。,COM-06,保留旧别名 /pages/goods/user_goods_collection/index，MVP期间保留旧alias，切换由自动化路由检查决定；route map 保留 query、来源归因和返回结果，feature flag 关闭时回退 legacy。,MVP后续；既有 MAPP 路径持续承载,retain-source-route,none,not-deleted
MP081,/pages/goods/user_merchant_collection/index,pages/goods/user_merchant_collection/index.vue,商城核心,个人中心收藏/浏览记录；legacy deep link `/pages/goods/user_merchant_collection/index`,`pages/commerce/saved/user-merchant-collection`（收藏店铺）,个人中心 → 收藏商品/店铺与浏览记录,MVP legacy 承载 → 后续原生迁移,访客只读公开商城目录；需写入时使用 MAPP 客户会话和 CommerceClient `/api/front/**`；不得复用 Wish token/session。,无专属原生插件已锁定；目标为 APP iOS/Android uni-app x 页面；MP/H5 在目标能力验证前由旧 mapp 独立构建或受控链接承接。,COM-06,保留旧别名 /pages/goods/user_merchant_collection/index，MVP期间保留旧alias，切换由自动化路由检查决定；route map 保留 query、来源归因和返回结果，feature flag 关闭时回退 legacy。,MVP后续；既有 MAPP 路径持续承载,retain-source-route,none,not-deleted
MP082,/pages/goods/alipay_return/alipay_return,pages/goods/alipay_return/alipay_return.vue,订单/支付/售后,商城订单详情/售后进度入口；legacy deep link `/pages/goods/alipay_return/alipay_return`,`pages/commerce/payment/alipay-return`（支付宝支付回跳）,提交订单 → 支付方式/支付结果；系统 scheme、H5、MP 回跳经同一回调 adapter,MVP legacy 承载 → 后续原生迁移,商城订单/支付/售后由 MAPP Commerce 写入；支付结果须服务端核对。商城客户 session 与 Wish 会话隔离。,涉及 APP/微信/支付宝或 H5/MP 支付跳转与回调；使用平台专用 adapter 和条件编译，结果未知不得推断支付成功。,ORD-02,保留旧别名 /pages/goods/alipay_return/alipay_return，MVP期间保留旧alias，切换由自动化路由检查决定；route map 保留 query、来源归因和返回结果，feature flag 关闭时回退 legacy。支付回调必须幂等；成功/失败/处理中/结果未知均可见，禁止客户端重复扣款。,MVP后续；既有 MAPP 路径持续承载,retain-source-route,none,not-deleted
MP083,/pages/goods/alipay_invoke/index,pages/goods/alipay_invoke/index.vue,订单/支付/售后,商城订单支付外部回调/deep link；legacy deep link `/pages/goods/alipay_invoke/index`,`pages/commerce/payment/alipay-invoke`（支付唤起回调）,提交订单 → 支付方式/支付结果；系统 scheme、H5、MP 回跳经同一回调 adapter,MVP legacy 承载 → 后续原生迁移,商城订单/支付/售后由 MAPP Commerce 写入；支付结果须服务端核对。商城客户 session 与 Wish 会话隔离。,涉及 APP/微信/支付宝或 H5/MP 支付跳转与回调；使用平台专用 adapter 和条件编译，结果未知不得推断支付成功。,ORD-02,保留旧别名 /pages/goods/alipay_invoke/index，MVP期间保留旧alias，切换由自动化路由检查决定；route map 保留 query、来源归因和返回结果，feature flag 关闭时回退 legacy。支付回调必须幂等；成功/失败/处理中/结果未知均可见，禁止客户端重复扣款。,MVP后续；既有 MAPP 路径持续承载,retain-source-route,none,not-deleted
MP084,/pages/goods/goods_combination/index,pages/goods/goods_combination/index.vue,健康/Wish集成,商城首页、分类、搜索、活动商品卡或站外商品分享；legacy deep link `/pages/goods/goods_combination/index`,`features/health/commerce-service-discovery/goods-combination`（康旅游学）,健康管理唯一 Tab → 康养服务发现；商城服务商品只用受控引用跳入 Wish 服务目录,MVP legacy 承载 → 后续原生迁移,目录/商品详情仍由 MAPP Commerce 读取；预约等 Wish 写入只在经批准的受控跳转中使用独立 Wish 会话，不传递商城 token。,无专属原生插件已锁定；目标为 APP iOS/Android uni-app x 页面；MP/H5 在目标能力验证前由旧 mapp 独立构建或受控链接承接。,HWI-02,保留旧别名 /pages/goods/goods_combination/index，MVP期间保留旧alias，切换由自动化路由检查决定；route map 保留 query、来源归因和返回结果，feature flag 关闭时回退 legacy。MAPP 与 Wish 的认证、后端、账本隔离；跨域只传已批准引用/状态，不客户端双写。,MVP后续；既有 MAPP 路径持续承载,retain-source-route,none,not-deleted
MP085,/pages/goods/agreement_info/index,pages/goods/agreement_info/index.vue,用户服务/平台适配,登录、支付或下单流程协议链接；legacy deep link `/pages/goods/agreement_info/index`,`features/platform/web-content/agreement-info`（协议详情）,来源页面中的协议、系统表单或经过 allowlist 的 Web 内容入口,MVP legacy 承载 → 后续原生迁移,公开协议/表单按页面目的决定访客或 MAPP 会话；Web 内容只使用 allowlist 与最小身份桥接。,无专属原生插件已锁定；目标为 APP iOS/Android uni-app x 页面；MP/H5 在目标能力验证前由旧 mapp 独立构建或受控链接承接。,USR-03,保留旧别名 /pages/goods/agreement_info/index，MVP期间保留旧alias，切换由自动化路由检查决定；route map 保留 query、来源归因和返回结果，feature flag 关闭时回退 legacy。,MVP后续；既有 MAPP 路径持续承载,retain-source-route,none,not-deleted
MP086,/pages/goods/user_grade/index,pages/goods/user_grade/index.vue,会员/营销/钱包,商城首页、分类、搜索、活动商品卡或站外商品分享；legacy deep link `/pages/goods/user_grade/index`,`pages/commerce/member/level/user-grade`（我的等级）,个人中心 → 会员中心 → 等级/成长值/规则,MVP legacy 承载 → 后续原生迁移,MAPP 商城会员/卡券/积分/礼品卡/储值/佣金账本各自按明确 owner 读写；不合并为 Wish 服务卡余额。,无专属原生插件已锁定；目标为 APP iOS/Android uni-app x 页面；MP/H5 在目标能力验证前由旧 mapp 独立构建或受控链接承接。,MEM-01,保留旧别名 /pages/goods/user_grade/index，MVP期间保留旧alias，切换由自动化路由检查决定；route map 保留 query、来源归因和返回结果，feature flag 关闭时回退 legacy。,MVP后续；既有 MAPP 路径持续承载,retain-source-route,none,not-deleted
MP087,/pages/goods/exp_record/index,pages/goods/exp_record/index.vue,会员/营销/钱包,商城首页、分类、搜索、活动商品卡或站外商品分享；legacy deep link `/pages/goods/exp_record/index`,`pages/commerce/member/level/exp-record`（经验值明细）,个人中心 → 会员中心 → 等级/成长值/规则,MVP legacy 承载 → 后续原生迁移,MAPP 商城会员/卡券/积分/礼品卡/储值/佣金账本各自按明确 owner 读写；不合并为 Wish 服务卡余额。,无专属原生插件已锁定；目标为 APP iOS/Android uni-app x 页面；MP/H5 在目标能力验证前由旧 mapp 独立构建或受控链接承接。,MEM-01,保留旧别名 /pages/goods/exp_record/index，MVP期间保留旧alias，切换由自动化路由检查决定；route map 保留 query、来源归因和返回结果，feature flag 关闭时回退 legacy。,MVP后续；既有 MAPP 路径持续承载,retain-source-route,none,not-deleted
MP088,/pages/goods/level_rule/index,pages/goods/level_rule/index.vue,会员/营销/钱包,商城首页、分类、搜索、活动商品卡或站外商品分享；legacy deep link `/pages/goods/level_rule/index`,`pages/commerce/member/level/level-rule`（等级规则说明）,个人中心 → 会员中心 → 等级/成长值/规则,MVP legacy 承载 → 后续原生迁移,MAPP 商城会员/卡券/积分/礼品卡/储值/佣金账本各自按明确 owner 读写；不合并为 Wish 服务卡余额。,无专属原生插件已锁定；目标为 APP iOS/Android uni-app x 页面；MP/H5 在目标能力验证前由旧 mapp 独立构建或受控链接承接。,MEM-01,保留旧别名 /pages/goods/level_rule/index，MVP期间保留旧alias，切换由自动化路由检查决定；route map 保留 query、来源归因和返回结果，feature flag 关闭时回退 legacy。,MVP后续；既有 MAPP 路径持续承载,retain-source-route,none,not-deleted
MP089,/pages/goods/in_addcart/index,pages/goods/in_addcart/index.vue,商城核心,商城首页、分类、搜索、活动商品卡或站外商品分享；legacy deep link `/pages/goods/in_addcart/index`,`pages/commerce/cart/in-addcart`（二级购物车）,商城商品详情/购买动作 → 购物车,MVP legacy 承载 → 后续原生迁移,访客只读公开商城目录；需写入时使用 MAPP 客户会话和 CommerceClient `/api/front/**`；不得复用 Wish token/session。,无专属原生插件已锁定；目标为 APP iOS/Android uni-app x 页面；MP/H5 在目标能力验证前由旧 mapp 独立构建或受控链接承接。,COM-04,保留旧别名 /pages/goods/in_addcart/index，MVP期间保留旧alias，切换由自动化路由检查决定；route map 保留 query、来源归因和返回结果，feature flag 关闭时回退 legacy。,MVP后续；既有 MAPP 路径持续承载,retain-source-route,none,not-deleted
MP090,/pages/address/user_address_list/index,pages/address/user_address_list/index.vue,用户服务/平台适配,提交订单地址选择/个人中心地址簿；legacy deep link `/pages/address/user_address_list/index`,`pages/account/addresses/user-address-list`（地址管理）,提交订单的收货地址选择；个人中心地址簿是同一商城数据 owner,MVP legacy 承载 → 后续原生迁移,商城地址属于 MAPP 客户域，使用 Commerce session；不得进入 Wish 健康档案。,无专属原生插件已锁定；目标为 APP iOS/Android uni-app x 页面；MP/H5 在目标能力验证前由旧 mapp 独立构建或受控链接承接。,USR-05,保留旧别名 /pages/address/user_address_list/index，MVP期间保留旧alias，切换由自动化路由检查决定；route map 保留 query、来源归因和返回结果，feature flag 关闭时回退 legacy。,MVP后续；既有 MAPP 路径持续承载,retain-source-route,none,not-deleted
MP091,/pages/address/user_address/index,pages/address/user_address/index.vue,用户服务/平台适配,提交订单地址选择/个人中心地址簿；legacy deep link `/pages/address/user_address/index`,`pages/account/addresses/user-address`（添加地址）,提交订单的收货地址选择；个人中心地址簿是同一商城数据 owner,MVP legacy 承载 → 后续原生迁移,商城地址属于 MAPP 客户域，使用 Commerce session；不得进入 Wish 健康档案。,无专属原生插件已锁定；目标为 APP iOS/Android uni-app x 页面；MP/H5 在目标能力验证前由旧 mapp 独立构建或受控链接承接。,USR-05,保留旧别名 /pages/address/user_address/index，MVP期间保留旧alias，切换由自动化路由检查决定；route map 保留 query、来源归因和返回结果，feature flag 关闭时回退 legacy。,MVP后续；既有 MAPP 路径持续承载,retain-source-route,none,not-deleted
MP092,/pages/activity/goods_seckill/index,pages/activity/goods_seckill/index.vue,会员/营销/钱包,首页活动中心运营位/活动分享深链；legacy deep link `/pages/activity/goods_seckill/index`,`pages/commerce/activities/goods-seckill`（秒杀列表）,主壳首页活动入口 → 秒杀、拼团、抽奖及兑换活动,MVP legacy 承载 → 后续原生迁移,MAPP 商城会员/卡券/积分/礼品卡/储值/佣金账本各自按明确 owner 读写；不合并为 Wish 服务卡余额。,无专属原生插件已锁定；目标为 APP iOS/Android uni-app x 页面；MP/H5 在目标能力验证前由旧 mapp 独立构建或受控链接承接。,MEM-10,保留旧别名 /pages/activity/goods_seckill/index，MVP期间保留旧alias，切换由自动化路由检查决定；route map 保留 query、来源归因和返回结果，feature flag 关闭时回退 legacy。,MVP后续；既有 MAPP 路径持续承载,retain-source-route,none,not-deleted
MP093,/pages/activity/mer-good-seckill/index,pages/activity/mer-good-seckill/index.vue,会员/营销/钱包,首页活动中心运营位/活动分享深链；legacy deep link `/pages/activity/mer-good-seckill/index`,`pages/commerce/activities/mer-good-seckill`（秒杀列表）,主壳首页活动入口 → 秒杀、拼团、抽奖及兑换活动,MVP legacy 承载 → 后续原生迁移,MAPP 商城会员/卡券/积分/礼品卡/储值/佣金账本各自按明确 owner 读写；不合并为 Wish 服务卡余额。,无专属原生插件已锁定；目标为 APP iOS/Android uni-app x 页面；MP/H5 在目标能力验证前由旧 mapp 独立构建或受控链接承接。,MEM-10,保留旧别名 /pages/activity/mer-good-seckill/index，MVP期间保留旧alias，切换由自动化路由检查决定；route map 保留 query、来源归因和返回结果，feature flag 关闭时回退 legacy。,MVP后续；既有 MAPP 路径持续承载,retain-source-route,none,not-deleted
MP094,/pages/activity/goods_group/index,pages/activity/goods_group/index.vue,会员/营销/钱包,首页活动中心运营位/活动分享深链；legacy deep link `/pages/activity/goods_group/index`,`pages/commerce/activities/goods-group`（拼团活动）,主壳首页活动入口 → 秒杀、拼团、抽奖及兑换活动,MVP legacy 承载 → 后续原生迁移,MAPP 商城会员/卡券/积分/礼品卡/储值/佣金账本各自按明确 owner 读写；不合并为 Wish 服务卡余额。,无专属原生插件已锁定；目标为 APP iOS/Android uni-app x 页面；MP/H5 在目标能力验证前由旧 mapp 独立构建或受控链接承接。,MEM-10,保留旧别名 /pages/activity/goods_group/index，MVP期间保留旧alias，切换由自动化路由检查决定；route map 保留 query、来源归因和返回结果，feature flag 关闭时回退 legacy。,MVP后续；既有 MAPP 路径持续承载,retain-source-route,none,not-deleted
MP095,/pages/activity/liveBroadcast/index,pages/activity/liveBroadcast/index.vue,内容/直播/发现,首页活动中心运营位/活动分享深链；legacy deep link `/pages/activity/liveBroadcast/index`,`pages/content/live/live-broadcast`（列表）,发现/个人中心 → 直播观看或独立创作者管理入口,MVP legacy 承载 → 后续原生迁移,公开内容可访客浏览；发布、互动和个人内容需 MAPP 客户会话。内容 owner 保持在已核实的 MAPP 内容域。,涉及旧直播 SDK/APP WebView 或小程序直播差异；先核实播放器、登录桥、返回键与分享；PoC 未通过时保留旧 mapp 独立运行时。,CNT-06,保留旧别名 /pages/activity/liveBroadcast/index，MVP期间保留旧alias，切换由自动化路由检查决定；route map 保留 query、来源归因和返回结果，feature flag 关闭时回退 legacy。受控 WebView/直播桥按 host allowlist，登录态不直接向远端注入原始 token。,MVP后续；既有 MAPP 路径持续承载,retain-source-route,none,not-deleted
MP096,/pages/activity/status/index,pages/activity/status/index.vue,会员/营销/钱包,首页活动中心运营位/活动分享深链；legacy deep link `/pages/activity/status/index`,`pages/commerce/activities/status`（拼团活动）,主壳首页活动入口 → 秒杀、拼团、抽奖及兑换活动,MVP legacy 承载 → 后续原生迁移,MAPP 商城会员/卡券/积分/礼品卡/储值/佣金账本各自按明确 owner 读写；不合并为 Wish 服务卡余额。,无专属原生插件已锁定；目标为 APP iOS/Android uni-app x 页面；MP/H5 在目标能力验证前由旧 mapp 独立构建或受控链接承接。 特殊能力标记：源页包含分享动作；保留 scene、来源和活动/内容引用。 特殊能力标记：源页含二维码显示/扫码路径；目标适配器需覆盖授权拒绝、无效/过期码。,MEM-10,保留旧别名 /pages/activity/status/index，MVP期间保留旧alias，切换由自动化路由检查决定；route map 保留 query、来源归因和返回结果，feature flag 关闭时回退 legacy。 分享回流保留来源/活动/内容 ID，不把 token、健康资料放入链接。 二维码只携短时/公开业务引用，不编码个人资料、支付凭证或健康内容。,MVP后续；既有 MAPP 路径持续承载,retain-source-route,none,not-deleted
MP097,/pages/activity/couponList/index,pages/activity/couponList/index.vue,会员/营销/钱包,首页活动运营位/个人中心优惠券；legacy deep link `/pages/activity/couponList/index`,`pages/commerce/coupons/coupon-list`（领券中心）,首页营销位或个人中心 → 领券中心/我的优惠券,MVP legacy 承载 → 后续原生迁移,MAPP 商城会员/卡券/积分/礼品卡/储值/佣金账本各自按明确 owner 读写；不合并为 Wish 服务卡余额。,无专属原生插件已锁定；目标为 APP iOS/Android uni-app x 页面；MP/H5 在目标能力验证前由旧 mapp 独立构建或受控链接承接。,MEM-03,保留旧别名 /pages/activity/couponList/index，MVP期间保留旧alias，切换由自动化路由检查决定；route map 保留 query、来源归因和返回结果，feature flag 关闭时回退 legacy。,MVP后续；既有 MAPP 路径持续承载,retain-source-route,none,not-deleted
MP098,/pages/activity/small_page/index,pages/activity/small_page/index.vue,会员/营销/钱包,首页活动中心运营位/活动分享深链；legacy deep link `/pages/activity/small_page/index`,`pages/commerce/activities/small-page`（index）,主壳首页活动入口 → 秒杀、拼团、抽奖及兑换活动,MVP legacy 承载 → 后续原生迁移,MAPP 商城会员/卡券/积分/礼品卡/储值/佣金账本各自按明确 owner 读写；不合并为 Wish 服务卡余额。,无专属原生插件已锁定；目标为 APP iOS/Android uni-app x 页面；MP/H5 在目标能力验证前由旧 mapp 独立构建或受控链接承接。,"MEM-10,HWI-04",保留旧别名 /pages/activity/small_page/index，MVP期间保留旧alias，切换由自动化路由检查决定；route map 保留 query、来源归因和返回结果，feature flag 关闭时回退 legacy。,MVP后续；既有 MAPP 路径持续承载,retain-source-route,none,not-deleted
MP099,/pages/activity/vip_paid/index,pages/activity/vip_paid/index.vue,会员/营销/钱包,个人中心会员中心/会员运营位；legacy deep link `/pages/activity/vip_paid/index`,`pages/commerce/member/plan/vip-paid`（SVIP会员）,个人中心 → 会员计划、权益、激活及购买记录,MVP legacy 承载 → 后续原生迁移,MAPP 商城会员/卡券/积分/礼品卡/储值/佣金账本各自按明确 owner 读写；不合并为 Wish 服务卡余额。,无专属原生插件已锁定；目标为 APP iOS/Android uni-app x 页面；MP/H5 在目标能力验证前由旧 mapp 独立构建或受控链接承接。,MEM-02,保留旧别名 /pages/activity/vip_paid/index，MVP期间保留旧alias，切换由自动化路由检查决定；route map 保留 query、来源归因和返回结果，feature flag 关闭时回退 legacy。,MVP后续；既有 MAPP 路径持续承载,retain-source-route,none,not-deleted
MP100,/pages/activity/vip_paid_benefits/index,pages/activity/vip_paid_benefits/index.vue,会员/营销/钱包,个人中心会员中心/会员运营位；legacy deep link `/pages/activity/vip_paid_benefits/index`,`pages/commerce/member/plan/vip-paid-benefits`（会员权益）,个人中心 → 会员计划、权益、激活及购买记录,MVP legacy 承载 → 后续原生迁移,MAPP 商城会员/卡券/积分/礼品卡/储值/佣金账本各自按明确 owner 读写；不合并为 Wish 服务卡余额。,无专属原生插件已锁定；目标为 APP iOS/Android uni-app x 页面；MP/H5 在目标能力验证前由旧 mapp 独立构建或受控链接承接。,MEM-02,保留旧别名 /pages/activity/vip_paid_benefits/index，MVP期间保留旧alias，切换由自动化路由检查决定；route map 保留 query、来源归因和返回结果，feature flag 关闭时回退 legacy。,MVP后续；既有 MAPP 路径持续承载,retain-source-route,none,not-deleted
MP101,/pages/activity/vip_levels/index,pages/activity/vip_levels/index.vue,会员/营销/钱包,个人中心会员中心/会员运营位；legacy deep link `/pages/activity/vip_levels/index`,`pages/commerce/member/plan/vip-levels`（会员等级）,个人中心 → 会员计划、权益、激活及购买记录,MVP legacy 承载 → 后续原生迁移,MAPP 商城会员/卡券/积分/礼品卡/储值/佣金账本各自按明确 owner 读写；不合并为 Wish 服务卡余额。,无专属原生插件已锁定；目标为 APP iOS/Android uni-app x 页面；MP/H5 在目标能力验证前由旧 mapp 独立构建或受控链接承接。,MEM-02,保留旧别名 /pages/activity/vip_levels/index，MVP期间保留旧alias，切换由自动化路由检查决定；route map 保留 query、来源归因和返回结果，feature flag 关闭时回退 legacy。,MVP后续；既有 MAPP 路径持续承载,retain-source-route,none,not-deleted
MP102,/pages/activity/vip_benefits/index,pages/activity/vip_benefits/index.vue,会员/营销/钱包,个人中心会员中心/会员运营位；legacy deep link `/pages/activity/vip_benefits/index`,`pages/commerce/member/plan/vip-benefits`（会员权益）,个人中心 → 会员计划、权益、激活及购买记录,MVP legacy 承载 → 后续原生迁移,MAPP 商城会员/卡券/积分/礼品卡/储值/佣金账本各自按明确 owner 读写；不合并为 Wish 服务卡余额。,无专属原生插件已锁定；目标为 APP iOS/Android uni-app x 页面；MP/H5 在目标能力验证前由旧 mapp 独立构建或受控链接承接。,MEM-02,保留旧别名 /pages/activity/vip_benefits/index，MVP期间保留旧alias，切换由自动化路由检查决定；route map 保留 query、来源归因和返回结果，feature flag 关闭时回退 legacy。,MVP后续；既有 MAPP 路径持续承载,retain-source-route,none,not-deleted
MP103,/pages/activity/member_activation/index,pages/activity/member_activation/index.vue,会员/营销/钱包,个人中心会员中心/会员运营位；legacy deep link `/pages/activity/member_activation/index`,`pages/commerce/member/plan/member-activation`（会员权益卡服务）,个人中心 → 会员计划、权益、激活及购买记录,MVP legacy 承载 → 后续原生迁移,MAPP 商城会员/卡券/积分/礼品卡/储值/佣金账本各自按明确 owner 读写；不合并为 Wish 服务卡余额。,无专属原生插件已锁定；目标为 APP iOS/Android uni-app x 页面；MP/H5 在目标能力验证前由旧 mapp 独立构建或受控链接承接。,MEM-02,保留旧别名 /pages/activity/member_activation/index，MVP期间保留旧alias，切换由自动化路由检查决定；route map 保留 query、来源归因和返回结果，feature flag 关闭时回退 legacy。,MVP后续；既有 MAPP 路径持续承载,retain-source-route,none,not-deleted
MP104,/pages/activity/member_activation/cardQuery,pages/activity/member_activation/cardQuery.vue,会员/营销/钱包,个人中心会员中心/会员运营位；legacy deep link `/pages/activity/member_activation/cardQuery`,`pages/commerce/member/plan/card-query`（会员卡权益查询）,个人中心 → 会员计划、权益、激活及购买记录,MVP legacy 承载 → 后续原生迁移,MAPP 商城会员/卡券/积分/礼品卡/储值/佣金账本各自按明确 owner 读写；不合并为 Wish 服务卡余额。,无专属原生插件已锁定；目标为 APP iOS/Android uni-app x 页面；MP/H5 在目标能力验证前由旧 mapp 独立构建或受控链接承接。,MEM-02,保留旧别名 /pages/activity/member_activation/cardQuery，MVP期间保留旧alias，切换由自动化路由检查决定；route map 保留 query、来源归因和返回结果，feature flag 关闭时回退 legacy。,MVP后续；既有 MAPP 路径持续承载,retain-source-route,none,not-deleted
MP105,/pages/activity/member_activation/cardPreview,pages/activity/member_activation/cardPreview.vue,会员/营销/钱包,个人中心会员中心/会员运营位；legacy deep link `/pages/activity/member_activation/cardPreview`,`pages/commerce/member/plan/card-preview`（权益卡信息）,个人中心 → 会员计划、权益、激活及购买记录,MVP legacy 承载 → 后续原生迁移,MAPP 商城会员/卡券/积分/礼品卡/储值/佣金账本各自按明确 owner 读写；不合并为 Wish 服务卡余额。,无专属原生插件已锁定；目标为 APP iOS/Android uni-app x 页面；MP/H5 在目标能力验证前由旧 mapp 独立构建或受控链接承接。,MEM-02,保留旧别名 /pages/activity/member_activation/cardPreview，MVP期间保留旧alias，切换由自动化路由检查决定；route map 保留 query、来源归因和返回结果，feature flag 关闭时回退 legacy。,MVP后续；既有 MAPP 路径持续承载,retain-source-route,none,not-deleted
MP106,/pages/activity/member_activation/cardBind,pages/activity/member_activation/cardBind.vue,会员/营销/钱包,个人中心会员中心/会员运营位；legacy deep link `/pages/activity/member_activation/cardBind`,`pages/commerce/member/plan/card-bind`（填写绑定信息）,个人中心 → 会员计划、权益、激活及购买记录,MVP legacy 承载 → 后续原生迁移,MAPP 商城会员/卡券/积分/礼品卡/储值/佣金账本各自按明确 owner 读写；不合并为 Wish 服务卡余额。,无专属原生插件已锁定；目标为 APP iOS/Android uni-app x 页面；MP/H5 在目标能力验证前由旧 mapp 独立构建或受控链接承接。,MEM-02,保留旧别名 /pages/activity/member_activation/cardBind，MVP期间保留旧alias，切换由自动化路由检查决定；route map 保留 query、来源归因和返回结果，feature flag 关闭时回退 legacy。,MVP后续；既有 MAPP 路径持续承载,retain-source-route,none,not-deleted
MP107,/pages/activity/member_activation/cardSuccess,pages/activity/member_activation/cardSuccess.vue,会员/营销/钱包,个人中心会员中心/会员运营位；legacy deep link `/pages/activity/member_activation/cardSuccess`,`pages/commerce/member/plan/card-success`（绑定结果）,个人中心 → 会员计划、权益、激活及购买记录,MVP legacy 承载 → 后续原生迁移,MAPP 商城会员/卡券/积分/礼品卡/储值/佣金账本各自按明确 owner 读写；不合并为 Wish 服务卡余额。,无专属原生插件已锁定；目标为 APP iOS/Android uni-app x 页面；MP/H5 在目标能力验证前由旧 mapp 独立构建或受控链接承接。,MEM-02,保留旧别名 /pages/activity/member_activation/cardSuccess，MVP期间保留旧alias，切换由自动化路由检查决定；route map 保留 query、来源归因和返回结果，feature flag 关闭时回退 legacy。,MVP后续；既有 MAPP 路径持续承载,retain-source-route,none,not-deleted
MP108,/pages/activity/vip_order_record/index,pages/activity/vip_order_record/index.vue,会员/营销/钱包,个人中心会员中心/会员运营位；legacy deep link `/pages/activity/vip_order_record/index`,`pages/commerce/member/plan/vip-order-record`（会员购买记录）,个人中心 → 会员计划、权益、激活及购买记录,MVP legacy 承载 → 后续原生迁移,MAPP 商城会员/卡券/积分/礼品卡/储值/佣金账本各自按明确 owner 读写；不合并为 Wish 服务卡余额。,无专属原生插件已锁定；目标为 APP iOS/Android uni-app x 页面；MP/H5 在目标能力验证前由旧 mapp 独立构建或受控链接承接。,MEM-02,保留旧别名 /pages/activity/vip_order_record/index，MVP期间保留旧alias，切换由自动化路由检查决定；route map 保留 query、来源归因和返回结果，feature flag 关闭时回退 legacy。,MVP后续；既有 MAPP 路径持续承载,retain-source-route,none,not-deleted
MP109,/pages/activity/points_mall/index,pages/activity/points_mall/index.vue,会员/营销/钱包,积分商城/会员中心；legacy deep link `/pages/activity/points_mall/index`,`pages/commerce/points/points-mall`（积分商城）,商城/会员中心 → 积分明细、积分商城,MVP legacy 承载 → 后续原生迁移,MAPP 商城会员/卡券/积分/礼品卡/储值/佣金账本各自按明确 owner 读写；不合并为 Wish 服务卡余额。,无专属原生插件已锁定；目标为 APP iOS/Android uni-app x 页面；MP/H5 在目标能力验证前由旧 mapp 独立构建或受控链接承接。 特殊能力标记：源页包含分享动作；保留 scene、来源和活动/内容引用。,MEM-04,保留旧别名 /pages/activity/points_mall/index，MVP期间保留旧alias，切换由自动化路由检查决定；route map 保留 query、来源归因和返回结果，feature flag 关闭时回退 legacy。 分享回流保留来源/活动/内容 ID，不把 token、健康资料放入链接。,MVP后续；既有 MAPP 路径持续承载,retain-source-route,none,not-deleted
MP110,/pages/activity/goods_points/index,pages/activity/goods_points/index.vue,会员/营销/钱包,首页活动中心运营位/活动分享深链；legacy deep link `/pages/activity/goods_points/index`,`pages/commerce/points/goods-points`（热门推荐）,商城/会员中心 → 积分明细、积分商城,MVP legacy 承载 → 后续原生迁移,MAPP 商城会员/卡券/积分/礼品卡/储值/佣金账本各自按明确 owner 读写；不合并为 Wish 服务卡余额。,无专属原生插件已锁定；目标为 APP iOS/Android uni-app x 页面；MP/H5 在目标能力验证前由旧 mapp 独立构建或受控链接承接。,MEM-04,保留旧别名 /pages/activity/goods_points/index，MVP期间保留旧alias，切换由自动化路由检查决定；route map 保留 query、来源归因和返回结果，feature flag 关闭时回退 legacy。,MVP后续；既有 MAPP 路径持续承载,retain-source-route,none,not-deleted
MP111,/pages/activity/index,pages/activity/index.vue,会员/营销/钱包,首页活动中心运营位/活动分享深链；legacy deep link `/pages/activity/index`,`pages/commerce/activities/activity`（市场活动）,主壳首页活动入口 → 秒杀、拼团、抽奖及兑换活动,MVP legacy 承载 → 后续原生迁移,MAPP 商城会员/卡券/积分/礼品卡/储值/佣金账本各自按明确 owner 读写；不合并为 Wish 服务卡余额。,无专属原生插件已锁定；目标为 APP iOS/Android uni-app x 页面；MP/H5 在目标能力验证前由旧 mapp 独立构建或受控链接承接。,MEM-10,保留旧别名 /pages/activity/index，MVP期间保留旧alias，切换由自动化路由检查决定；route map 保留 query、来源归因和返回结果，feature flag 关闭时回退 legacy。,MVP后续；既有 MAPP 路径持续承载,retain-source-route,none,not-deleted
MP112,/pages/activity/detail,pages/activity/detail.vue,会员/营销/钱包,首页活动中心运营位/活动分享深链；legacy deep link `/pages/activity/detail`,`pages/commerce/activities/detail`（活动详情）,主壳首页活动入口 → 秒杀、拼团、抽奖及兑换活动,MVP legacy 承载 → 后续原生迁移,MAPP 商城会员/卡券/积分/礼品卡/储值/佣金账本各自按明确 owner 读写；不合并为 Wish 服务卡余额。,无专属原生插件已锁定；目标为 APP iOS/Android uni-app x 页面；MP/H5 在目标能力验证前由旧 mapp 独立构建或受控链接承接。,MEM-10,保留旧别名 /pages/activity/detail，MVP期间保留旧alias，切换由自动化路由检查决定；route map 保留 query、来源归因和返回结果，feature flag 关闭时回退 legacy。,MVP后续；既有 MAPP 路径持续承载,retain-source-route,none,not-deleted
MP113,/pages/activity/lucky_wheel/index,pages/activity/lucky_wheel/index.vue,会员/营销/钱包,首页活动中心运营位/活动分享深链；legacy deep link `/pages/activity/lucky_wheel/index`,`pages/commerce/activities/lucky-wheel`（幸运转盘）,主壳首页活动入口 → 秒杀、拼团、抽奖及兑换活动,MVP legacy 承载 → 后续原生迁移,MAPP 商城会员/卡券/积分/礼品卡/储值/佣金账本各自按明确 owner 读写；不合并为 Wish 服务卡余额。,无专属原生插件已锁定；目标为 APP iOS/Android uni-app x 页面；MP/H5 在目标能力验证前由旧 mapp 独立构建或受控链接承接。,MEM-10,保留旧别名 /pages/activity/lucky_wheel/index，MVP期间保留旧alias，切换由自动化路由检查决定；route map 保留 query、来源归因和返回结果，feature flag 关闭时回退 legacy。,MVP后续；既有 MAPP 路径持续承载,retain-source-route,none,not-deleted
MP114,/pages/activity/prize_record/index,pages/activity/prize_record/index.vue,会员/营销/钱包,首页活动中心运营位/活动分享深链；legacy deep link `/pages/activity/prize_record/index`,`pages/commerce/activities/prize-record`（抽奖记录）,主壳首页活动入口 → 秒杀、拼团、抽奖及兑换活动,MVP legacy 承载 → 后续原生迁移,MAPP 商城会员/卡券/积分/礼品卡/储值/佣金账本各自按明确 owner 读写；不合并为 Wish 服务卡余额。,无专属原生插件已锁定；目标为 APP iOS/Android uni-app x 页面；MP/H5 在目标能力验证前由旧 mapp 独立构建或受控链接承接。,MEM-10,保留旧别名 /pages/activity/prize_record/index，MVP期间保留旧alias，切换由自动化路由检查决定；route map 保留 query、来源归因和返回结果，feature flag 关闭时回退 legacy。,MVP后续；既有 MAPP 路径持续承载,retain-source-route,none,not-deleted
MP115,/pages/activity/redeem/index,pages/activity/redeem/index.vue,会员/营销/钱包,首页活动中心运营位/活动分享深链；legacy deep link `/pages/activity/redeem/index`,`pages/commerce/activities/redeem`（兑换码）,主壳首页活动入口 → 秒杀、拼团、抽奖及兑换活动,MVP legacy 承载 → 后续原生迁移,MAPP 商城会员/卡券/积分/礼品卡/储值/佣金账本各自按明确 owner 读写；不合并为 Wish 服务卡余额。,无专属原生插件已锁定；目标为 APP iOS/Android uni-app x 页面；MP/H5 在目标能力验证前由旧 mapp 独立构建或受控链接承接。,MEM-10,保留旧别名 /pages/activity/redeem/index，MVP期间保留旧alias，切换由自动化路由检查决定；route map 保留 query、来源归因和返回结果，feature flag 关闭时回退 legacy。,MVP后续；既有 MAPP 路径持续承载,retain-source-route,none,not-deleted
MP116,/pages/activity/giftCard/index,pages/activity/giftCard/index.vue,会员/营销/钱包,个人中心礼品卡/商城卡券运营位；legacy deep link `/pages/activity/giftCard/index`,`pages/commerce/gift-cards/gift-card`（礼品卡）,个人中心 → 礼品卡购买、绑定、兑换和记录,MVP legacy 承载 → 后续原生迁移,MAPP 商城会员/卡券/积分/礼品卡/储值/佣金账本各自按明确 owner 读写；不合并为 Wish 服务卡余额。,无专属原生插件已锁定；目标为 APP iOS/Android uni-app x 页面；MP/H5 在目标能力验证前由旧 mapp 独立构建或受控链接承接。,MEM-05,保留旧别名 /pages/activity/giftCard/index，MVP期间保留旧alias，切换由自动化路由检查决定；route map 保留 query、来源归因和返回结果，feature flag 关闭时回退 legacy。账务操作具备服务端幂等、流水可追溯和冲正/对账路径；不得合并 Wish 服务卡。,MVP后续；既有 MAPP 路径持续承载,retain-source-route,none,not-deleted
MP117,/pages/activity/giftCard/detail,pages/activity/giftCard/detail.vue,会员/营销/钱包,个人中心礼品卡/商城卡券运营位；legacy deep link `/pages/activity/giftCard/detail`,`pages/commerce/gift-cards/detail`（礼品卡详情）,个人中心 → 礼品卡购买、绑定、兑换和记录,MVP legacy 承载 → 后续原生迁移,MAPP 商城会员/卡券/积分/礼品卡/储值/佣金账本各自按明确 owner 读写；不合并为 Wish 服务卡余额。,无专属原生插件已锁定；目标为 APP iOS/Android uni-app x 页面；MP/H5 在目标能力验证前由旧 mapp 独立构建或受控链接承接。,MEM-05,保留旧别名 /pages/activity/giftCard/detail，MVP期间保留旧alias，切换由自动化路由检查决定；route map 保留 query、来源归因和返回结果，feature flag 关闭时回退 legacy。账务操作具备服务端幂等、流水可追溯和冲正/对账路径；不得合并 Wish 服务卡。,MVP后续；既有 MAPP 路径持续承载,retain-source-route,none,not-deleted
MP118,/pages/activity/giftCard/my,pages/activity/giftCard/my.vue,会员/营销/钱包,个人中心礼品卡/商城卡券运营位；legacy deep link `/pages/activity/giftCard/my`,`pages/commerce/gift-cards/my`（我的礼品卡）,个人中心 → 礼品卡购买、绑定、兑换和记录,MVP legacy 承载 → 后续原生迁移,MAPP 商城会员/卡券/积分/礼品卡/储值/佣金账本各自按明确 owner 读写；不合并为 Wish 服务卡余额。,无专属原生插件已锁定；目标为 APP iOS/Android uni-app x 页面；MP/H5 在目标能力验证前由旧 mapp 独立构建或受控链接承接。,MEM-05,保留旧别名 /pages/activity/giftCard/my，MVP期间保留旧alias，切换由自动化路由检查决定；route map 保留 query、来源归因和返回结果，feature flag 关闭时回退 legacy。账务操作具备服务端幂等、流水可追溯和冲正/对账路径；不得合并 Wish 服务卡。,MVP后续；既有 MAPP 路径持续承载,retain-source-route,none,not-deleted
MP119,/pages/activity/giftCard/myDetail,pages/activity/giftCard/myDetail.vue,会员/营销/钱包,个人中心礼品卡/商城卡券运营位；legacy deep link `/pages/activity/giftCard/myDetail`,`pages/commerce/gift-cards/my-detail`（礼品卡详情）,个人中心 → 礼品卡购买、绑定、兑换和记录,MVP legacy 承载 → 后续原生迁移,MAPP 商城会员/卡券/积分/礼品卡/储值/佣金账本各自按明确 owner 读写；不合并为 Wish 服务卡余额。,无专属原生插件已锁定；目标为 APP iOS/Android uni-app x 页面；MP/H5 在目标能力验证前由旧 mapp 独立构建或受控链接承接。,MEM-05,保留旧别名 /pages/activity/giftCard/myDetail，MVP期间保留旧alias，切换由自动化路由检查决定；route map 保留 query、来源归因和返回结果，feature flag 关闭时回退 legacy。账务操作具备服务端幂等、流水可追溯和冲正/对账路径；不得合并 Wish 服务卡。,MVP后续；既有 MAPP 路径持续承载,retain-source-route,none,not-deleted
MP120,/pages/activity/giftCard/activate,pages/activity/giftCard/activate.vue,会员/营销/钱包,个人中心礼品卡/商城卡券运营位；legacy deep link `/pages/activity/giftCard/activate`,`pages/commerce/gift-cards/activate`（激活礼品卡）,个人中心 → 礼品卡购买、绑定、兑换和记录,MVP legacy 承载 → 后续原生迁移,MAPP 商城会员/卡券/积分/礼品卡/储值/佣金账本各自按明确 owner 读写；不合并为 Wish 服务卡余额。,涉及二维码/分享/核销场景；按 APP/MP 分开验证扫码和 deep link，URL 不得包含身份 token 或健康数据。,MEM-05,保留旧别名 /pages/activity/giftCard/activate，MVP期间保留旧alias，切换由自动化路由检查决定；route map 保留 query、来源归因和返回结果，feature flag 关闭时回退 legacy。账务操作具备服务端幂等、流水可追溯和冲正/对账路径；不得合并 Wish 服务卡。,MVP后续；既有 MAPP 路径持续承载,retain-source-route,none,not-deleted
MP121,/pages/activity/giftCard/order,pages/activity/giftCard/order.vue,会员/营销/钱包,个人中心礼品卡/商城卡券运营位；legacy deep link `/pages/activity/giftCard/order`,`pages/commerce/gift-cards/order`（购买礼品卡）,个人中心 → 礼品卡购买、绑定、兑换和记录,MVP legacy 承载 → 后续原生迁移,MAPP 商城会员/卡券/积分/礼品卡/储值/佣金账本各自按明确 owner 读写；不合并为 Wish 服务卡余额。,无专属原生插件已锁定；目标为 APP iOS/Android uni-app x 页面；MP/H5 在目标能力验证前由旧 mapp 独立构建或受控链接承接。,MEM-05,保留旧别名 /pages/activity/giftCard/order，MVP期间保留旧alias，切换由自动化路由检查决定；route map 保留 query、来源归因和返回结果，feature flag 关闭时回退 legacy。账务操作具备服务端幂等、流水可追溯和冲正/对账路径；不得合并 Wish 服务卡。,MVP后续；既有 MAPP 路径持续承载,retain-source-route,none,not-deleted
MP122,/pages/activity/giftCard/record,pages/activity/giftCard/record.vue,会员/营销/钱包,个人中心礼品卡/商城卡券运营位；legacy deep link `/pages/activity/giftCard/record`,`pages/commerce/gift-cards/record`（使用记录）,个人中心 → 礼品卡购买、绑定、兑换和记录,MVP legacy 承载 → 后续原生迁移,MAPP 商城会员/卡券/积分/礼品卡/储值/佣金账本各自按明确 owner 读写；不合并为 Wish 服务卡余额。,无专属原生插件已锁定；目标为 APP iOS/Android uni-app x 页面；MP/H5 在目标能力验证前由旧 mapp 独立构建或受控链接承接。,MEM-05,保留旧别名 /pages/activity/giftCard/record，MVP期间保留旧alias，切换由自动化路由检查决定；route map 保留 query、来源归因和返回结果，feature flag 关闭时回退 legacy。账务操作具备服务端幂等、流水可追溯和冲正/对账路径；不得合并 Wish 服务卡。,MVP后续；既有 MAPP 路径持续承载,retain-source-route,none,not-deleted
MP123,/pages/activity/giftCard/exchange,pages/activity/giftCard/exchange.vue,会员/营销/钱包,个人中心礼品卡/商城卡券运营位；legacy deep link `/pages/activity/giftCard/exchange`,`pages/commerce/gift-cards/exchange`（兑换商品）,个人中心 → 礼品卡购买、绑定、兑换和记录,MVP legacy 承载 → 后续原生迁移,MAPP 商城会员/卡券/积分/礼品卡/储值/佣金账本各自按明确 owner 读写；不合并为 Wish 服务卡余额。,涉及二维码/分享/核销场景；按 APP/MP 分开验证扫码和 deep link，URL 不得包含身份 token 或健康数据。,MEM-05,保留旧别名 /pages/activity/giftCard/exchange，MVP期间保留旧alias，切换由自动化路由检查决定；route map 保留 query、来源归因和返回结果，feature flag 关闭时回退 legacy。账务操作具备服务端幂等、流水可追溯和冲正/对账路径；不得合并 Wish 服务卡。,MVP后续；既有 MAPP 路径持续承载,retain-source-route,none,not-deleted
MP124,/pages/activity/giftCard/exchange_confirm,pages/activity/giftCard/exchange_confirm.vue,会员/营销/钱包,个人中心礼品卡/商城卡券运营位；legacy deep link `/pages/activity/giftCard/exchange_confirm`,`pages/commerce/gift-cards/exchange-confirm`（确认兑换）,个人中心 → 礼品卡购买、绑定、兑换和记录,MVP legacy 承载 → 后续原生迁移,MAPP 商城会员/卡券/积分/礼品卡/储值/佣金账本各自按明确 owner 读写；不合并为 Wish 服务卡余额。,涉及二维码/分享/核销场景；按 APP/MP 分开验证扫码和 deep link，URL 不得包含身份 token 或健康数据。,MEM-05,保留旧别名 /pages/activity/giftCard/exchange_confirm，MVP期间保留旧alias，切换由自动化路由检查决定；route map 保留 query、来源归因和返回结果，feature flag 关闭时回退 legacy。账务操作具备服务端幂等、流水可追溯和冲正/对账路径；不得合并 Wish 服务卡。,MVP后续；既有 MAPP 路径持续承载,retain-source-route,none,not-deleted
MP125,/pages/discover/discover_search_list/index,pages/discover/discover_search_list/index.vue,内容/直播/发现,旧底部逛逛/发现 Tab、内容卡或分享深链；legacy deep link `/pages/discover/discover_search_list/index`,`pages/content/discovery/profile/discover-search-list`（搜索页面）,底部发现 → 搜索、话题、关注与作者主页,MVP legacy 承载 → 后续原生迁移,公开内容可访客浏览；发布、互动和个人内容需 MAPP 客户会话。内容 owner 保持在已核实的 MAPP 内容域。,无专属原生插件已锁定；目标为 APP iOS/Android uni-app x 页面；MP/H5 在目标能力验证前由旧 mapp 独立构建或受控链接承接。,CNT-02,保留旧别名 /pages/discover/discover_search_list/index，MVP期间保留旧alias，切换由自动化路由检查决定；route map 保留 query、来源归因和返回结果，feature flag 关闭时回退 legacy。,MVP后续；既有 MAPP 路径持续承载,retain-source-route,none,not-deleted
MP126,/pages/discover/discover_release/index,pages/discover/discover_release/index.vue,内容/直播/发现,旧底部逛逛/发现 Tab、内容卡或分享深链；legacy deep link `/pages/discover/discover_release/index`,`pages/content/discovery/publish/discover-release`（内容发布）,底部发现 → 发布入口（按登录态与内容权限拦截）,MVP legacy 承载 → 后续原生迁移,公开内容可访客浏览；发布、互动和个人内容需 MAPP 客户会话。内容 owner 保持在已核实的 MAPP 内容域。,无专属原生插件已锁定；目标为 APP iOS/Android uni-app x 页面；MP/H5 在目标能力验证前由旧 mapp 独立构建或受控链接承接。,CNT-04,保留旧别名 /pages/discover/discover_release/index，MVP期间保留旧alias，切换由自动化路由检查决定；route map 保留 query、来源归因和返回结果，feature flag 关闭时回退 legacy。,MVP后续；既有 MAPP 路径持续承载,retain-source-route,none,not-deleted
MP127,/pages/discover/discover_video/routineVideo/index,pages/discover/discover_video/routineVideo/index.vue,内容/直播/发现,旧底部逛逛/发现 Tab、内容卡或分享深链；legacy deep link `/pages/discover/discover_video/routineVideo/index`,`pages/content/video/routine-video`（逛逛短视频）,发现/资讯/分享内容卡 → 视频播放,MVP legacy 承载 → 后续原生迁移,公开内容可访客浏览；发布、互动和个人内容需 MAPP 客户会话。内容 owner 保持在已核实的 MAPP 内容域。,无专属原生插件已锁定；目标为 APP iOS/Android uni-app x 页面；MP/H5 在目标能力验证前由旧 mapp 独立构建或受控链接承接。 特殊能力标记：源页包含分享动作；保留 scene、来源和活动/内容引用。 特殊能力标记：源页含二维码显示/扫码路径；目标适配器需覆盖授权拒绝、无效/过期码。,CNT-05,保留旧别名 /pages/discover/discover_video/routineVideo/index，MVP期间保留旧alias，切换由自动化路由检查决定；route map 保留 query、来源归因和返回结果，feature flag 关闭时回退 legacy。 分享回流保留来源/活动/内容 ID，不把 token、健康资料放入链接。 二维码只携短时/公开业务引用，不编码个人资料、支付凭证或健康内容。,MVP后续；既有 MAPP 路径持续承载,retain-source-route,none,not-deleted
MP128,/pages/discover/discover_video/appVideo/index,pages/discover/discover_video/appVideo/index.nvue,内容/直播/发现,旧底部逛逛/发现 Tab、内容卡或分享深链；legacy deep link `/pages/discover/discover_video/appVideo/index`,`pages/content/video/app-video`（逛逛短视频）,发现/资讯/分享内容卡 → 视频播放,MVP legacy 承载 → 后续原生迁移,公开内容可访客浏览；发布、互动和个人内容需 MAPP 客户会话。内容 owner 保持在已核实的 MAPP 内容域。,来源为 APP nvue 短视频页；最终由独立 VideoAdapter 承载，需核实 iOS/Android 解码、手势与权限；不直接复制 nvue。 特殊能力标记：源页包含分享动作；保留 scene、来源和活动/内容引用。 特殊能力标记：源页含二维码显示/扫码路径；目标适配器需覆盖授权拒绝、无效/过期码。,CNT-05,保留旧别名 /pages/discover/discover_video/appVideo/index，MVP期间保留旧alias，切换由自动化路由检查决定；route map 保留 query、来源归因和返回结果，feature flag 关闭时回退 legacy。旧 nvue 作为 fallback，直到新 VideoAdapter 通过目标机型手动检查。 分享回流保留来源/活动/内容 ID，不把 token、健康资料放入链接。 二维码只携短时/公开业务引用，不编码个人资料、支付凭证或健康内容。,MVP后续；既有 MAPP 路径持续承载,retain-source-route,none,not-deleted
MP129,/pages/discover/discover_user/index,pages/discover/discover_user/index.vue,内容/直播/发现,旧底部逛逛/发现 Tab、内容卡或分享深链；legacy deep link `/pages/discover/discover_user/index`,`pages/content/discovery/profile/discover-user`（个人主页）,底部发现 → 搜索、话题、关注与作者主页,MVP legacy 承载 → 后续原生迁移,公开内容可访客浏览；发布、互动和个人内容需 MAPP 客户会话。内容 owner 保持在已核实的 MAPP 内容域。,无专属原生插件已锁定；目标为 APP iOS/Android uni-app x 页面；MP/H5 在目标能力验证前由旧 mapp 独立构建或受控链接承接。,CNT-02,保留旧别名 /pages/discover/discover_user/index，MVP期间保留旧alias，切换由自动化路由检查决定；route map 保留 query、来源归因和返回结果，feature flag 关闭时回退 legacy。,MVP后续；既有 MAPP 路径持续承载,retain-source-route,none,not-deleted
MP130,/pages/discover/discover_follow/index,pages/discover/discover_follow/index.vue,内容/直播/发现,旧底部逛逛/发现 Tab、内容卡或分享深链；legacy deep link `/pages/discover/discover_follow/index`,`pages/content/discovery/profile/discover-follow`（我的关注）,底部发现 → 搜索、话题、关注与作者主页,MVP legacy 承载 → 后续原生迁移,公开内容可访客浏览；发布、互动和个人内容需 MAPP 客户会话。内容 owner 保持在已核实的 MAPP 内容域。,无专属原生插件已锁定；目标为 APP iOS/Android uni-app x 页面；MP/H5 在目标能力验证前由旧 mapp 独立构建或受控链接承接。,CNT-02,保留旧别名 /pages/discover/discover_follow/index，MVP期间保留旧alias，切换由自动化路由检查决定；route map 保留 query、来源归因和返回结果，feature flag 关闭时回退 legacy。,MVP后续；既有 MAPP 路径持续承载,retain-source-route,none,not-deleted
MP131,/pages/discover/discover_note_topic/index,pages/discover/discover_note_topic/index.vue,内容/直播/发现,旧底部逛逛/发现 Tab、内容卡或分享深链；legacy deep link `/pages/discover/discover_note_topic/index`,`pages/content/discovery/profile/discover-note-topic`（话题）,底部发现 → 搜索、话题、关注与作者主页,MVP legacy 承载 → 后续原生迁移,公开内容可访客浏览；发布、互动和个人内容需 MAPP 客户会话。内容 owner 保持在已核实的 MAPP 内容域。,无专属原生插件已锁定；目标为 APP iOS/Android uni-app x 页面；MP/H5 在目标能力验证前由旧 mapp 独立构建或受控链接承接。,CNT-02,保留旧别名 /pages/discover/discover_note_topic/index，MVP期间保留旧alias，切换由自动化路由检查决定；route map 保留 query、来源归因和返回结果，feature flag 关闭时回退 legacy。,MVP后续；既有 MAPP 路径持续承载,retain-source-route,none,not-deleted
MP132,/pages/discover/discover_details/index,pages/discover/discover_details/index.vue,内容/直播/发现,旧底部逛逛/发现 Tab、内容卡或分享深链；legacy deep link `/pages/discover/discover_details/index`,`pages/content/discovery/feed/discover-details`（发现内容详情）,底部发现 → 信息流/内容详情,MVP legacy 承载 → 后续原生迁移,公开内容可访客浏览；发布、互动和个人内容需 MAPP 客户会话。内容 owner 保持在已核实的 MAPP 内容域。,无专属原生插件已锁定；目标为 APP iOS/Android uni-app x 页面；MP/H5 在目标能力验证前由旧 mapp 独立构建或受控链接承接。 特殊能力标记：源页包含分享动作；保留 scene、来源和活动/内容引用。,"CNT-03,HWI-04",保留旧别名 /pages/discover/discover_details/index，MVP期间保留旧alias，切换由自动化路由检查决定；route map 保留 query、来源归因和返回结果，feature flag 关闭时回退 legacy。 分享回流保留来源/活动/内容 ID，不把 token、健康资料放入链接。,MVP后续；既有 MAPP 路径持续承载,retain-source-route,none,not-deleted
MP133,/pages/discover_index/index,pages/discover_index/index.vue,内容/直播/发现,旧底部逛逛/发现 Tab、内容卡或分享深链；legacy deep link `/pages/discover_index/index`,`pages/content/discovery/feed/discover-index`（逛逛）,底部发现 → 信息流/内容详情,MVP legacy 承载 → 后续原生迁移,公开内容可访客浏览；发布、互动和个人内容需 MAPP 客户会话。内容 owner 保持在已核实的 MAPP 内容域。,无专属原生插件已锁定；目标为 APP iOS/Android uni-app x 页面；MP/H5 在目标能力验证前由旧 mapp 独立构建或受控链接承接。,CNT-03,保留旧别名 /pages/discover_index/index，MVP期间保留旧alias，切换由自动化路由检查决定；route map 保留 query、来源归因和返回结果，feature flag 关闭时回退 legacy。,MVP后续；既有 MAPP 路径持续承载,retain-source-route,none,not-deleted
MP134,/pages/near/hospital/index,pages/near/hospital/index.vue,用户服务/平台适配,旧首页附近服务入口/定位授权后列表；legacy deep link `/pages/near/hospital/index`,`features/platform/nearby-services/hospital`（附近医院）,首页/商城附近入口 → 附近医院/学校信息（仅定位授权后）,MVP legacy 承载 → 后续原生迁移,公开目录先按定位授权展示；如需收藏或个性化再要求商城会话，不读健康数据。,涉及 APP/MP 定位与地图权限差异；拒绝权限时仍可返回手动选择或说明页。,USR-06,保留旧别名 /pages/near/hospital/index，MVP期间保留旧alias，切换由自动化路由检查决定；route map 保留 query、来源归因和返回结果，feature flag 关闭时回退 legacy。,MVP后续；既有 MAPP 路径持续承载,retain-source-route,none,not-deleted
MP135,/pages/near/school/index,pages/near/school/index.vue,用户服务/平台适配,旧首页附近服务入口/定位授权后列表；legacy deep link `/pages/near/school/index`,`features/platform/nearby-services/school`（附近学校）,首页/商城附近入口 → 附近医院/学校信息（仅定位授权后）,MVP legacy 承载 → 后续原生迁移,公开目录先按定位授权展示；如需收藏或个性化再要求商城会话，不读健康数据。,涉及 APP/MP 定位与地图权限差异；拒绝权限时仍可返回手动选择或说明页。,USR-06,保留旧别名 /pages/near/school/index，MVP期间保留旧alias，切换由自动化路由检查决定；route map 保留 query、来源归因和返回结果，feature flag 关闭时回退 legacy。,MVP后续；既有 MAPP 路径持续承载,retain-source-route,none,not-deleted
MP136,/pages/service/service/index,pages/service/service/index.vue,用户服务/平台适配,旧个人中心客服/消息/客服插件回调；legacy deep link `/pages/service/service/index`,`pages/account/messages-support/service`（智能客服）,个人中心 → 消息/通知/智能客服/官方客服,MVP legacy 承载 → 后续原生迁移,公开客服说明允许访客读取；个人消息、通知、工单需商城 customer session；外部客服身份桥接待接口核实。,无专属原生插件已锁定；目标为 APP iOS/Android uni-app x 页面；MP/H5 在目标能力验证前由旧 mapp 独立构建或受控链接承接。,USR-02,保留旧别名 /pages/service/service/index，MVP期间保留旧alias，切换由自动化路由检查决定；route map 保留 query、来源归因和返回结果，feature flag 关闭时回退 legacy。,MVP后续；既有 MAPP 路径持续承载,retain-source-route,none,not-deleted
MP137,/pages/service/user_notice/index,pages/service/user_notice/index.vue,用户服务/平台适配,个人中心消息列表/通知推送深链；legacy deep link `/pages/service/user_notice/index`,`pages/account/messages-support/user-notice`（消息）,个人中心 → 消息/通知/智能客服/官方客服,MVP legacy 承载 → 后续原生迁移,公开客服说明允许访客读取；个人消息、通知、工单需商城 customer session；外部客服身份桥接待接口核实。,无专属原生插件已锁定；目标为 APP iOS/Android uni-app x 页面；MP/H5 在目标能力验证前由旧 mapp 独立构建或受控链接承接。,USR-02,保留旧别名 /pages/service/user_notice/index，MVP期间保留旧alias，切换由自动化路由检查决定；route map 保留 query、来源归因和返回结果，feature flag 关闭时回退 legacy。,MVP后续；既有 MAPP 路径持续承载,retain-source-route,none,not-deleted
MP138,/pages/service/official/official,pages/service/official/official.vue,用户服务/平台适配,旧个人中心客服/消息/客服插件回调；legacy deep link `/pages/service/official/official`,`pages/account/messages-support/official`（官方客服）,个人中心 → 消息/通知/智能客服/官方客服,MVP legacy 承载 → 后续原生迁移,公开客服说明允许访客读取；个人消息、通知、工单需商城 customer session；外部客服身份桥接待接口核实。,无专属原生插件已锁定；目标为 APP iOS/Android uni-app x 页面；MP/H5 在目标能力验证前由旧 mapp 独立构建或受控链接承接。,USR-02,保留旧别名 /pages/service/official/official，MVP期间保留旧alias，切换由自动化路由检查决定；route map 保留 query、来源归因和返回结果，feature flag 关闭时回退 legacy。,MVP后续；既有 MAPP 路径持续承载,retain-source-route,none,not-deleted
MP139,/pages/service/detail,pages/service/detail.vue,用户服务/平台适配,旧个人中心客服/消息/客服插件回调；legacy deep link `/pages/service/detail`,`pages/account/messages-support/detail`（详情）,个人中心 → 消息/通知/智能客服/官方客服,MVP legacy 承载 → 后续原生迁移,公开客服说明允许访客读取；个人消息、通知、工单需商城 customer session；外部客服身份桥接待接口核实。,涉及 APP WebView/内嵌客服或站内网页；host allowlist、登录桥与返回行为需确认，能力未验证时留在 legacy。,USR-02,保留旧别名 /pages/service/detail，MVP期间保留旧alias，切换由自动化路由检查决定；route map 保留 query、来源归因和返回结果，feature flag 关闭时回退 legacy。 WebView 内容只走 allowlist，禁止向远端注入原始身份 token。,MVP后续；既有 MAPP 路径持续承载,retain-source-route,none,not-deleted
MP140,/pages/service/more,pages/service/more.vue,用户服务/平台适配,旧个人中心客服/消息/客服插件回调；legacy deep link `/pages/service/more`,`pages/account/messages-support/more`（更多）,个人中心 → 消息/通知/智能客服/官方客服,MVP legacy 承载 → 后续原生迁移,公开客服说明允许访客读取；个人消息、通知、工单需商城 customer session；外部客服身份桥接待接口核实。,无专属原生插件已锁定；目标为 APP iOS/Android uni-app x 页面；MP/H5 在目标能力验证前由旧 mapp 独立构建或受控链接承接。,USR-02,保留旧别名 /pages/service/more，MVP期间保留旧alias，切换由自动化路由检查决定；route map 保留 query、来源归因和返回结果，feature flag 关闭时回退 legacy。,MVP后续；既有 MAPP 路径持续承载,retain-source-route,none,not-deleted
MP141,/pages/admin/work/index,pages/admin/work/index.vue,商户/员工工作台,旧商户/员工工作台菜单或待办 deep link；legacy deep link `/pages/admin/work/index`,`pages/staff/workbench/work`（工作台）,员工身份入口 → 独立商户/员工工作台，不进入客户底部导航,MVP后续 / legacy fallback,独立商户/员工身份、managerToken 命名空间和租户/站点/岗位范围；MER/MAPP 商城后端写入，不能自动获得客户 session 或 Wish 管理权限。,APP 标准页面；员工入口须按平台安全区布局并验证角色/租户/站点 scope。,MER-03（MVP后续）,MVP 期间由既有 MAPP 承载并保留旧别名 `/pages/admin/work/index`；HWI-05 是疗愈师 APP 的独立 Wish 健康任务入口，不迁移或覆盖本商户/员工工作台路由。,MVP 后续；既有 MAPP 路径持续承载,retain-source-route,none,not-deleted
MP142,/pages/admin/skipRefund/index,pages/admin/skipRefund/index.vue,商户/员工工作台,旧商户/员工工作台菜单或待办 deep link；legacy deep link `/pages/admin/skipRefund/index`,`pages/staff/after-sales/skip-refund`（售后订单）,员工工作台 → 商城退款/售后复核,MAPP 原路径保留,独立商户/员工身份、managerToken 命名空间和租户/站点/岗位范围；MER/MAPP 商城后端写入，不能自动获得客户 session 或 Wish 管理权限。,APP 标准页面；员工入口须按平台安全区布局并验证角色/租户/站点 scope。,—（无本期任务）,保留旧别名 /pages/admin/skipRefund/index，MVP期间保留旧alias，切换由自动化路由检查决定；route map 保留 query、来源归因和返回结果，feature flag 关闭时回退 legacy。旧直达链接不可绕过员工身份及 tenant/site/role scope 校验。,本期范围外；仅保留源路由事实，不创建商户/员工工作台迁移任务,retain-source-route,none,not-deleted
MP143,/pages/admin/order/index,pages/admin/order/index.vue,商户/员工工作台,旧商户/员工工作台菜单或待办 deep link；legacy deep link `/pages/admin/order/index`,`pages/staff/orders/order`（订单管理）,员工工作台 → 商城订单、物流、发货与履约,MAPP 原路径保留,独立商户/员工身份、managerToken 命名空间和租户/站点/岗位范围；MER/MAPP 商城后端写入，不能自动获得客户 session 或 Wish 管理权限。,APP 标准页面；员工入口须按平台安全区布局并验证角色/租户/站点 scope。,—（无本期任务）,保留旧别名 /pages/admin/order/index，MVP期间保留旧alias，切换由自动化路由检查决定；route map 保留 query、来源归因和返回结果，feature flag 关闭时回退 legacy。旧直达链接不可绕过员工身份及 tenant/site/role scope 校验。,本期范围外；仅保留源路由事实，不创建商户/员工工作台迁移任务,retain-source-route,none,not-deleted
MP144,/pages/admin/logistics/index,pages/admin/logistics/index.vue,商户/员工工作台,旧商户/员工工作台菜单或待办 deep link；legacy deep link `/pages/admin/logistics/index`,`pages/staff/orders/logistics`（物流信息）,员工工作台 → 商城订单、物流、发货与履约,MAPP 原路径保留,独立商户/员工身份、managerToken 命名空间和租户/站点/岗位范围；MER/MAPP 商城后端写入，不能自动获得客户 session 或 Wish 管理权限。,APP 标准页面；员工入口须按平台安全区布局并验证角色/租户/站点 scope。,—（无本期任务）,保留旧别名 /pages/admin/logistics/index，MVP期间保留旧alias，切换由自动化路由检查决定；route map 保留 query、来源归因和返回结果，feature flag 关闭时回退 legacy。旧直达链接不可绕过员工身份及 tenant/site/role scope 校验。,本期范围外；仅保留源路由事实，不创建商户/员工工作台迁移任务,retain-source-route,none,not-deleted
MP145,/pages/admin/logistics/detail,pages/admin/logistics/detail.vue,商户/员工工作台,旧商户/员工工作台菜单或待办 deep link；legacy deep link `/pages/admin/logistics/detail`,`pages/staff/orders/detail`（发货记录）,员工工作台 → 商城订单、物流、发货与履约,MAPP 原路径保留,独立商户/员工身份、managerToken 命名空间和租户/站点/岗位范围；MER/MAPP 商城后端写入，不能自动获得客户 session 或 Wish 管理权限。,APP 标准页面；员工入口须按平台安全区布局并验证角色/租户/站点 scope。,—（无本期任务）,保留旧别名 /pages/admin/logistics/detail，MVP期间保留旧alias，切换由自动化路由检查决定；route map 保留 query、来源归因和返回结果，feature flag 关闭时回退 legacy。旧直达链接不可绕过员工身份及 tenant/site/role scope 校验。,本期范围外；仅保留源路由事实，不创建商户/员工工作台迁移任务,retain-source-route,none,not-deleted
MP146,/pages/admin/logistics/record,pages/admin/logistics/record.vue,商户/员工工作台,旧商户/员工工作台菜单或待办 deep link；legacy deep link `/pages/admin/logistics/record`,`pages/staff/orders/record`（发货记录）,员工工作台 → 商城订单、物流、发货与履约,MAPP 原路径保留,独立商户/员工身份、managerToken 命名空间和租户/站点/岗位范围；MER/MAPP 商城后端写入，不能自动获得客户 session 或 Wish 管理权限。,APP 标准页面；员工入口须按平台安全区布局并验证角色/租户/站点 scope。,—（无本期任务）,保留旧别名 /pages/admin/logistics/record，MVP期间保留旧alias，切换由自动化路由检查决定；route map 保留 query、来源归因和返回结果，feature flag 关闭时回退 legacy。旧直达链接不可绕过员工身份及 tenant/site/role scope 校验。,本期范围外；仅保留源路由事实，不创建商户/员工工作台迁移任务,retain-source-route,none,not-deleted
MP147,/pages/admin/refund/index,pages/admin/refund/index.vue,商户/员工工作台,旧商户/员工工作台菜单或待办 deep link；legacy deep link `/pages/admin/refund/index`,`pages/staff/after-sales/refund`（立即退款）,员工工作台 → 商城退款/售后复核,MAPP 原路径保留,独立商户/员工身份、managerToken 命名空间和租户/站点/岗位范围；MER/MAPP 商城后端写入，不能自动获得客户 session 或 Wish 管理权限。,APP 标准页面；员工入口须按平台安全区布局并验证角色/租户/站点 scope。,—（无本期任务）,保留旧别名 /pages/admin/refund/index，MVP期间保留旧alias，切换由自动化路由检查决定；route map 保留 query、来源归因和返回结果，feature flag 关闭时回退 legacy。旧直达链接不可绕过员工身份及 tenant/site/role scope 校验。,本期范围外；仅保留源路由事实，不创建商户/员工工作台迁移任务,retain-source-route,none,not-deleted
MP148,/pages/admin/order/send,pages/admin/order/send.vue,商户/员工工作台,旧商户/员工工作台菜单或待办 deep link；legacy deep link `/pages/admin/order/send`,`pages/staff/orders/send`（发货）,员工工作台 → 商城订单、物流、发货与履约,MAPP 原路径保留,独立商户/员工身份、managerToken 命名空间和租户/站点/岗位范围；MER/MAPP 商城后端写入，不能自动获得客户 session 或 Wish 管理权限。,APP 标准页面；员工入口须按平台安全区布局并验证角色/租户/站点 scope。 特殊能力标记：源页含二维码显示/扫码路径；目标适配器需覆盖授权拒绝、无效/过期码。,—（无本期任务）,保留旧别名 /pages/admin/order/send，MVP期间保留旧alias，切换由自动化路由检查决定；route map 保留 query、来源归因和返回结果，feature flag 关闭时回退 legacy。旧直达链接不可绕过员工身份及 tenant/site/role scope 校验。 二维码只携短时/公开业务引用，不编码个人资料、支付凭证或健康内容。,本期范围外；仅保留源路由事实，不创建商户/员工工作台迁移任务,retain-source-route,none,not-deleted
MP149,/pages/admin/order/detail,pages/admin/order/detail.vue,商户/员工工作台,旧商户/员工工作台菜单或待办 deep link；legacy deep link `/pages/admin/order/detail`,`pages/staff/orders/detail`（员工订单详情）,员工工作台 → 商城订单、物流、发货与履约,MAPP 原路径保留,独立商户/员工身份、managerToken 命名空间和租户/站点/岗位范围；MER/MAPP 商城后端写入，不能自动获得客户 session 或 Wish 管理权限。,APP 标准页面；员工入口须按平台安全区布局并验证角色/租户/站点 scope。,—（无本期任务）,保留旧别名 /pages/admin/order/detail，MVP期间保留旧alias，切换由自动化路由检查决定；route map 保留 query、来源归因和返回结果，feature flag 关闭时回退 legacy。旧直达链接不可绕过员工身份及 tenant/site/role scope 校验。,本期范围外；仅保留源路由事实，不创建商户/员工工作台迁移任务,retain-source-route,none,not-deleted
MP150,/pages/admin/after_sale/index,pages/admin/after_sale/index.vue,商户/员工工作台,旧商户/员工工作台菜单或待办 deep link；legacy deep link `/pages/admin/after_sale/index`,`pages/staff/after-sales/after-sale`（售后订单）,员工工作台 → 商城退款/售后复核,MAPP 原路径保留,独立商户/员工身份、managerToken 命名空间和租户/站点/岗位范围；MER/MAPP 商城后端写入，不能自动获得客户 session 或 Wish 管理权限。,APP 标准页面；员工入口须按平台安全区布局并验证角色/租户/站点 scope。,—（无本期任务）,保留旧别名 /pages/admin/after_sale/index，MVP期间保留旧alias，切换由自动化路由检查决定；route map 保留 query、来源归因和返回结果，feature flag 关闭时回退 legacy。旧直达链接不可绕过员工身份及 tenant/site/role scope 校验。,本期范围外；仅保留源路由事实，不创建商户/员工工作台迁移任务,retain-source-route,none,not-deleted
MP151,/pages/admin/statistics/index,pages/admin/statistics/index.vue,商户/员工工作台,旧商户/员工工作台菜单或待办 deep link；legacy deep link `/pages/admin/statistics/index`,`pages/staff/statistics/statistics`（销售额统计）,员工工作台 → 商户销售统计,MAPP 原路径保留,独立商户/员工身份、managerToken 命名空间和租户/站点/岗位范围；MER/MAPP 商城后端写入，不能自动获得客户 session 或 Wish 管理权限。,APP 标准页面；员工入口须按平台安全区布局并验证角色/租户/站点 scope。,—（无本期任务）,保留旧别名 /pages/admin/statistics/index，MVP期间保留旧alias，切换由自动化路由检查决定；route map 保留 query、来源归因和返回结果，feature flag 关闭时回退 legacy。旧直达链接不可绕过员工身份及 tenant/site/role scope 校验。,本期范围外；仅保留源路由事实，不创建商户/员工工作台迁移任务,retain-source-route,none,not-deleted
MP152,/pages/admin/cancel/index,pages/admin/cancel/index.vue,商户/员工工作台,旧商户/员工工作台菜单或待办 deep link；legacy deep link `/pages/admin/cancel/index`,`pages/staff/cashier/cancel`（订单核销）,员工工作台 → 订单核销与商城会员余额扣减,MAPP 原路径保留,独立商户/员工身份、managerToken 命名空间和租户/站点/岗位范围；MER/MAPP 商城后端写入，不能自动获得客户 session 或 Wish 管理权限。,APP 标准页面；员工入口须按平台安全区布局并验证角色/租户/站点 scope。 特殊能力标记：源页含二维码显示/扫码路径；目标适配器需覆盖授权拒绝、无效/过期码。,—（无本期任务）,保留旧别名 /pages/admin/cancel/index，MVP期间保留旧alias，切换由自动化路由检查决定；route map 保留 query、来源归因和返回结果，feature flag 关闭时回退 legacy。账务操作具备服务端幂等、流水可追溯和冲正/对账路径；不得合并 Wish 服务卡。旧直达链接不可绕过员工身份及 tenant/site/role scope 校验。 二维码只携短时/公开业务引用，不编码个人资料、支付凭证或健康内容。,本期范围外；仅保留源路由事实，不创建商户/员工工作台迁移任务,retain-source-route,none,not-deleted
MP153,/pages/admin/cancel/list,pages/admin/cancel/list.vue,商户/员工工作台,旧商户/员工工作台菜单或待办 deep link；legacy deep link `/pages/admin/cancel/list`,`pages/staff/cashier/list`（核销订单）,员工工作台 → 订单核销与商城会员余额扣减,MAPP 原路径保留,独立商户/员工身份、managerToken 命名空间和租户/站点/岗位范围；MER/MAPP 商城后端写入，不能自动获得客户 session 或 Wish 管理权限。,APP 标准页面；员工入口须按平台安全区布局并验证角色/租户/站点 scope。,—（无本期任务）,保留旧别名 /pages/admin/cancel/list，MVP期间保留旧alias，切换由自动化路由检查决定；route map 保留 query、来源归因和返回结果，feature flag 关闭时回退 legacy。账务操作具备服务端幂等、流水可追溯和冲正/对账路径；不得合并 Wish 服务卡。旧直达链接不可绕过员工身份及 tenant/site/role scope 校验。,本期范围外；仅保留源路由事实，不创建商户/员工工作台迁移任务,retain-source-route,none,not-deleted
MP154,/pages/admin/cancel/result,pages/admin/cancel/result.vue,商户/员工工作台,旧商户/员工工作台菜单或待办 deep link；legacy deep link `/pages/admin/cancel/result`,`pages/staff/cashier/result`（核销结果）,员工工作台 → 订单核销与商城会员余额扣减,MAPP 原路径保留,独立商户/员工身份、managerToken 命名空间和租户/站点/岗位范围；MER/MAPP 商城后端写入，不能自动获得客户 session 或 Wish 管理权限。,APP 标准页面；员工入口须按平台安全区布局并验证角色/租户/站点 scope。,—（无本期任务）,保留旧别名 /pages/admin/cancel/result，MVP期间保留旧alias，切换由自动化路由检查决定；route map 保留 query、来源归因和返回结果，feature flag 关闭时回退 legacy。账务操作具备服务端幂等、流水可追溯和冲正/对账路径；不得合并 Wish 服务卡。旧直达链接不可绕过员工身份及 tenant/site/role scope 校验。,本期范围外；仅保留源路由事实，不创建商户/员工工作台迁移任务,retain-source-route,none,not-deleted
MP155,/pages/admin/cancel/balance-info,pages/admin/cancel/balance-info.vue,商户/员工工作台,旧商户/员工工作台菜单或待办 deep link；legacy deep link `/pages/admin/cancel/balance-info`,`pages/staff/cashier/balance-info`（会员余额信息）,员工工作台 → 订单核销与商城会员余额扣减,MAPP 原路径保留,独立商户/员工身份、managerToken 命名空间和租户/站点/岗位范围；MER/MAPP 商城后端写入，不能自动获得客户 session 或 Wish 管理权限。,APP 标准页面；员工入口须按平台安全区布局并验证角色/租户/站点 scope。 特殊能力标记：源页含二维码显示/扫码路径；目标适配器需覆盖授权拒绝、无效/过期码。,—（无本期任务）,保留旧别名 /pages/admin/cancel/balance-info，MVP期间保留旧alias，切换由自动化路由检查决定；route map 保留 query、来源归因和返回结果，feature flag 关闭时回退 legacy。账务操作具备服务端幂等、流水可追溯和冲正/对账路径；不得合并 Wish 服务卡。旧直达链接不可绕过员工身份及 tenant/site/role scope 校验。 二维码只携短时/公开业务引用，不编码个人资料、支付凭证或健康内容。,本期范围外；仅保留源路由事实，不创建商户/员工工作台迁移任务,retain-source-route,none,not-deleted
MP156,/pages/admin/cancel/balance-deduct,pages/admin/cancel/balance-deduct.vue,商户/员工工作台,旧商户/员工工作台菜单或待办 deep link；legacy deep link `/pages/admin/cancel/balance-deduct`,`pages/staff/cashier/balance-deduct`（会员扣费）,员工工作台 → 订单核销与商城会员余额扣减,MAPP 原路径保留,独立商户/员工身份、managerToken 命名空间和租户/站点/岗位范围；MER/MAPP 商城后端写入，不能自动获得客户 session 或 Wish 管理权限。,APP 标准页面；员工入口须按平台安全区布局并验证角色/租户/站点 scope。,—（无本期任务）,保留旧别名 /pages/admin/cancel/balance-deduct，MVP期间保留旧alias，切换由自动化路由检查决定；route map 保留 query、来源归因和返回结果，feature flag 关闭时回退 legacy。账务操作具备服务端幂等、流水可追溯和冲正/对账路径；不得合并 Wish 服务卡。旧直达链接不可绕过员工身份及 tenant/site/role scope 校验。,本期范围外；仅保留源路由事实，不创建商户/员工工作台迁移任务,retain-source-route,none,not-deleted
MP157,/pages/admin/cancel/balance-result,pages/admin/cancel/balance-result.vue,商户/员工工作台,旧商户/员工工作台菜单或待办 deep link；legacy deep link `/pages/admin/cancel/balance-result`,`pages/staff/cashier/balance-result`（扣费结果）,员工工作台 → 订单核销与商城会员余额扣减,MAPP 原路径保留,独立商户/员工身份、managerToken 命名空间和租户/站点/岗位范围；MER/MAPP 商城后端写入，不能自动获得客户 session 或 Wish 管理权限。,APP 标准页面；员工入口须按平台安全区布局并验证角色/租户/站点 scope。,—（无本期任务）,保留旧别名 /pages/admin/cancel/balance-result，MVP期间保留旧alias，切换由自动化路由检查决定；route map 保留 query、来源归因和返回结果，feature flag 关闭时回退 legacy。账务操作具备服务端幂等、流水可追溯和冲正/对账路径；不得合并 Wish 服务卡。旧直达链接不可绕过员工身份及 tenant/site/role scope 校验。,本期范围外；仅保留源路由事实，不创建商户/员工工作台迁移任务,retain-source-route,none,not-deleted
MP158,/pages/admin/cancel/balance-deduct-list,pages/admin/cancel/balance-deduct-list.vue,商户/员工工作台,旧商户/员工工作台菜单或待办 deep link；legacy deep link `/pages/admin/cancel/balance-deduct-list`,`pages/staff/cashier/balance-deduct-list`（扣费清单）,员工工作台 → 订单核销与商城会员余额扣减,MAPP 原路径保留,独立商户/员工身份、managerToken 命名空间和租户/站点/岗位范围；MER/MAPP 商城后端写入，不能自动获得客户 session 或 Wish 管理权限。,APP 标准页面；员工入口须按平台安全区布局并验证角色/租户/站点 scope。,—（无本期任务）,保留旧别名 /pages/admin/cancel/balance-deduct-list，MVP期间保留旧alias，切换由自动化路由检查决定；route map 保留 query、来源归因和返回结果，feature flag 关闭时回退 legacy。账务操作具备服务端幂等、流水可追溯和冲正/对账路径；不得合并 Wish 服务卡。旧直达链接不可绕过员工身份及 tenant/site/role scope 校验。,本期范围外；仅保留源路由事实，不创建商户/员工工作台迁移任务,retain-source-route,none,not-deleted
MP159,/pages/admin/refundOrderDetail/index,pages/admin/refundOrderDetail/index.vue,商户/员工工作台,旧商户/员工工作台菜单或待办 deep link；legacy deep link `/pages/admin/refundOrderDetail/index`,`pages/staff/after-sales/refund-order-detail`（员工退款详情）,员工工作台 → 商城退款/售后复核,MAPP 原路径保留,独立商户/员工身份、managerToken 命名空间和租户/站点/岗位范围；MER/MAPP 商城后端写入，不能自动获得客户 session 或 Wish 管理权限。,APP 标准页面；员工入口须按平台安全区布局并验证角色/租户/站点 scope。,—（无本期任务）,保留旧别名 /pages/admin/refundOrderDetail/index，MVP期间保留旧alias，切换由自动化路由检查决定；route map 保留 query、来源归因和返回结果，feature flag 关闭时回退 legacy。旧直达链接不可绕过员工身份及 tenant/site/role scope 校验。,本期范围外；仅保留源路由事实，不创建商户/员工工作台迁移任务,retain-source-route,none,not-deleted
MP160,/pages/admin/goods/index,pages/admin/goods/index.vue,商户/员工工作台,旧商户/员工工作台菜单或待办 deep link；legacy deep link `/pages/admin/goods/index`,`pages/staff/inventory/goods`（商品管理）,员工工作台 → 商品管理、规格价格与库存,MAPP 原路径保留,独立商户/员工身份、managerToken 命名空间和租户/站点/岗位范围；MER/MAPP 商城后端写入，不能自动获得客户 session 或 Wish 管理权限。,APP 标准页面；员工入口须按平台安全区布局并验证角色/租户/站点 scope。,—（无本期任务）,保留旧别名 /pages/admin/goods/index，MVP期间保留旧alias，切换由自动化路由检查决定；route map 保留 query、来源归因和返回结果，feature flag 关闭时回退 legacy。库存并发改动按资源锁/版本校验处理；冲突要返回可演示的失败原因。旧直达链接不可绕过员工身份及 tenant/site/role scope 校验。,本期范围外；仅保留源路由事实，不创建商户/员工工作台迁移任务,retain-source-route,none,not-deleted
MP161,/pages/admin/goods/specs,pages/admin/goods/specs.vue,商户/员工工作台,旧商户/员工工作台菜单或待办 deep link；legacy deep link `/pages/admin/goods/specs`,`pages/staff/inventory/specs`（修改价格/库存）,员工工作台 → 商品管理、规格价格与库存,MAPP 原路径保留,独立商户/员工身份、managerToken 命名空间和租户/站点/岗位范围；MER/MAPP 商城后端写入，不能自动获得客户 session 或 Wish 管理权限。,APP 标准页面；员工入口须按平台安全区布局并验证角色/租户/站点 scope。,—（无本期任务）,保留旧别名 /pages/admin/goods/specs，MVP期间保留旧alias，切换由自动化路由检查决定；route map 保留 query、来源归因和返回结果，feature flag 关闭时回退 legacy。库存并发改动按资源锁/版本校验处理；冲突要返回可演示的失败原因。旧直达链接不可绕过员工身份及 tenant/site/role scope 校验。,本期范围外；仅保留源路由事实，不创建商户/员工工作台迁移任务,retain-source-route,none,not-deleted
MP162,/pages/admin/goods/inventory,pages/admin/goods/inventory.vue,商户/员工工作台,旧商户/员工工作台菜单或待办 deep link；legacy deep link `/pages/admin/goods/inventory`,`pages/staff/inventory/inventory`（增加库存）,员工工作台 → 商品管理、规格价格与库存,MAPP 原路径保留,独立商户/员工身份、managerToken 命名空间和租户/站点/岗位范围；MER/MAPP 商城后端写入，不能自动获得客户 session 或 Wish 管理权限。,APP 标准页面；员工入口须按平台安全区布局并验证角色/租户/站点 scope。,—（无本期任务）,保留旧别名 /pages/admin/goods/inventory，MVP期间保留旧alias，切换由自动化路由检查决定；route map 保留 query、来源归因和返回结果，feature flag 关闭时回退 legacy。库存并发改动按资源锁/版本校验处理；冲突要返回可演示的失败原因。旧直达链接不可绕过员工身份及 tenant/site/role scope 校验。,本期范围外；仅保留源路由事实，不创建商户/员工工作台迁移任务,retain-source-route,none,not-deleted
MP163,/pages/auth/index,pages/auth/index.vue,用户服务/平台适配,旧认证入口/登录或外部授权回跳；legacy deep link `/pages/auth/index`,`features/platform/auth-callbacks/auth`（auth）,登录拦截或系统回调 → 账号授权/手机号绑定/应用更新 adapter,MVP legacy 承载 → 后续原生迁移,平台 OAuth/支付回调分别走 adapter；不得把 MAPP token 当 Wish token、不得用全量清存储退出其他领域。,无专属原生插件已锁定；目标为 APP iOS/Android uni-app x 页面；MP/H5 在目标能力验证前由旧 mapp 独立构建或受控链接承接。,USR-04,保留旧别名 /pages/auth/index，MVP期间保留旧alias，切换由自动化路由检查决定；route map 保留 query、来源归因和返回结果，feature flag 关闭时回退 legacy。,MVP后续；既有 MAPP 路径持续承载,retain-source-route,none,not-deleted
